Итерация,Тип подвески,Xmech1,Xmech2,Xmech3,,Плавность хода,Энергопотребление,Угол крена,Угол дифферента,Проходимость,Итоговая Парето
1,Double Wishbone,0,0.05,0.2,,9.666,268124.5975,0.1059,0.2335,1,100000000000029.95
2,Double Wishbone,2.0,0.05,0.2,,10.5386,316321.0495,0.1281,0.2779,0,35.0779
3,Double Wishbone,4.0,0.05,0.2,,10.7472,384371.9201,0.1211,0.2699,0,41.935
4,Double Wishbone,6.0,0.05,0.2,,10.3236,319485.279,0.119,0.2813,1,100000000000035.33
5,Double Wishbone,8.0,0.05,0.2,,10.6366,308536.7614,0.1111,0.2698,0,34.3112
6,Double Wishbone,10.0,0.05,0.2,,10.4195,359465.3036,0.1748,0.2846,0,39.3939
7,Double Wishbone,0,0.1,0.2,,3.6087,1141.335,0.0,0.0,1,100000000000001.2
8,Double Wishbone,2.0,0.1,0.2,,3.6087,1139.9114,0.0,0.0,1,100000000000001.2
9,Double Wishbone,4.0,0.1,0.2,,3.6087,1138.4859,0.0,0.0,1,100000000000001.2
10,Double Wishbone,6.0,0.1,0.2,,3.6087,1137.0827,0.0,0.0,1,100000000000001.2
11,Double Wishbone,8.0,0.1,0.2,,3.6087,1135.705,0.0,0.0,1,100000000000001.2
12,Double Wishbone,10.0,0.1,0.2,,3.6087,1134.2999,0.0,0.0,1,100000000000001.2
13,Double Wishbone,0,0.15,0.2,,3.6087,300.6219,0.0,0.0,1,100000000000001.11
14,Double Wishbone,2.0,0.15,0.2,,3.6087,300.5641,0.0,0.0,1,100000000000001.11
15,Double Wishbone,4.0,0.15,0.2,,3.6087,300.5021,0.0,0.0,1,100000000000001.11
16,Double Wishbone,6.0,0.15,0.2,,3.6087,300.452,0.0,0.0,1,100000000000001.11
17,Double Wishbone,8.0,0.15,0.2,,3.6087,300.3996,0.0,0.0,1,100000000000001.11
18,Double Wishbone,10.0,0.15,0.2,,3.6087,300.3473,0.0,0.0,1,100000000000001.11
19,Double Wishbone,0,0.2,0.2,,3.6087,128.1722,0.0,0.0,1,100000000000001.1
20,Double Wishbone,2.0,0.2,0.2,,3.6087,128.1713,0.0,0.0,1,100000000000001.1
21,Double Wishbone,4.0,0.2,0.2,,3.6087,128.1724,0.0,0.0,1,100000000000001.1
22,Double Wishbone,6.0,0.2,0.2,,3.608,128.1743,0.0,0.0,1,100000000000001.1
23,Double Wishbone,8.0,0.2,0.2,,3.608,128.1755,0.0,0.0,1,100000000000001.1
24,Double Wishbone,10.0,0.2,0.2,,3.608,128.1921,0.0,0.0,1,100000000000001.1
25,Double Wishbone,0,0.05,0.25,,9.712,283697.2805,0.1103,0.2911,1,100000000000031.56
26,Double Wishbone,2.0,0.05,0.25,,9.9494,271904.2322,0.1035,0.2664,1,100000000000030.44
27,Double Wishbone,4.0,0.05,0.25,,9.8613,289426.1445,0.1358,0.2867,1,100000000000032.2
28,Double Wishbone,6.0,0.05,0.25,,9.7326,279480.8318,0.1173,0.2428,1,100000000000031.12
29,Double Wishbone,8.0,0.05,0.25,,10.494,355865.0327,0.1615,0.2808,0,39.0443
30,Double Wishbone,10.0,0.05,0.25,,9.0389,283781.3489,0.0987,0.2207,1,100000000000031.31
31,Double Wishbone,0,0.1,0.25,,3.6073,739.2376,0.0,0.0,1,100000000000001.16
32,Double Wishbone,2.0,0.1,0.25,,3.6074,738.9923,0.0,0.0,1,100000000000001.16
33,Double Wishbone,4.0,0.1,0.25,,3.6074,738.7472,0.0,0.0,1,100000000000001.16
34,Double Wishbone,6.0,0.1,0.25,,3.6074,738.5026,0.0,0.0,1,100000000000001.16
35,Double Wishbone,8.0,0.1,0.25,,3.6074,738.2604,0.0,0.0,1,100000000000001.16
36,Double Wishbone,10.0,0.1,0.25,,3.6074,738.0158,0.0,0.0,1,100000000000001.16
37,Double Wishbone,0,0.15,0.25,,3.6073,207.2987,0.0,0.0,1,100000000000001.11
38,Double Wishbone,2.0,0.15,0.25,,3.6074,207.2701,0.0,0.0,1,100000000000001.11
39,Double Wishbone,4.0,0.15,0.25,,3.6074,207.2729,0.0,0.0,1,100000000000001.11
40,Double Wishbone,6.0,0.15,0.25,,3.6074,207.2597,0.0,0.0,1,100000000000001.11
41,Double Wishbone,8.0,0.15,0.25,,3.6074,207.246,0.0,0.0,1,100000000000001.11
42,Double Wishbone,10.0,0.15,0.25,,3.6074,207.2319,0.0,0.0,1,100000000000001.11
43,Double Wishbone,0,0.2,0.25,,3.6073,89.3296,0.0,0.0,1,100000000000001.1
44,Double Wishbone,2.0,0.2,0.25,,3.6074,89.3327,0.0,0.0,1,100000000000001.1
45,Double Wishbone,4.0,0.2,0.25,,3.6074,89.331,0.0,0.0,1,100000000000001.1
46,Double Wishbone,6.0,0.2,0.25,,3.6074,89.3353,0.0,0.0,1,100000000000001.1
47,Double Wishbone,8.0,0.2,0.25,,3.6074,89.3383,0.0,0.0,1,100000000000001.1
48,Double Wishbone,10.0,0.2,0.25,,3.6066,89.3391,0.0,0.0,1,100000000000001.1
49,Double Wishbone,0,0.05,0.3,,9.9578,328170.4023,0.1732,0.2676,1,100000000000036.11
50,Double Wishbone,2.0,0.05,0.3,,8.1989,220042.9467,0.1231,0.1914,1,100000000000024.69
51,Double Wishbone,4.0,0.05,0.3,,8.528,227760.7587,0.1523,0.1908,1,100000000000025.58
52,Double Wishbone,6.0,0.05,0.3,,9.6068,280970.3742,0.1393,0.2761,1,100000000000031.27
53,Double Wishbone,8.0,0.05,0.3,,9.0322,243611.937,0.1226,0.2082,1,100000000000027.3
54,Double Wishbone,10.0,0.05,0.3,,7.625,192965.4753,0.081,0.1815,1,100000000000021.77
55,Double Wishbone,0,0.1,0.3,,3.6061,539.7999,0.0,0.0,1,100000000000001.14
56,Double Wishbone,2.0,0.1,0.3,,3.6061,539.7361,0.0,0.0,1,100000000000001.14
57,Double Wishbone,4.0,0.1,0.3,,3.6061,539.6658,0.0,0.0,1,100000000000001.14
58,Double Wishbone,6.0,0.1,0.3,,3.6061,539.6003,0.0,0.0,1,100000000000001.14
59,Double Wishbone,8.0,0.1,0.3,,3.6061,539.5385,0.0,0.0,1,100000000000001.14
60,Double Wishbone,10.0,0.1,0.3,,3.6061,539.4691,0.0,0.0,1,100000000000001.14
61,Double Wishbone,0,0.15,0.3,,3.6061,154.5717,0.0,0.0,1,100000000000001.1
62,Double Wishbone,2.0,0.15,0.3,,3.6061,154.5562,0.0,0.0,1,100000000000001.1
63,Double Wishbone,4.0,0.15,0.3,,3.6061,154.5561,0.0,0.0,1,100000000000001.1
64,Double Wishbone,6.0,0.15,0.3,,3.6061,154.5605,0.0,0.0,1,100000000000001.1
65,Double Wishbone,8.0,0.15,0.3,,3.6061,154.5635,0.0,0.0,1,100000000000001.1
66,Double Wishbone,10.0,0.15,0.3,,3.6061,154.561,0.0,0.0,1,100000000000001.1
67,Double Wishbone,0,0.2,0.3,,3.6061,67.1299,0.0,0.0,1,100000000000001.1
68,Double Wishbone,2.0,0.2,0.3,,3.6061,67.1262,0.0,0.0,1,100000000000001.1
69,Double Wishbone,4.0,0.2,0.3,,3.6061,67.127,0.0,0.0,1,100000000000001.1
70,Double Wishbone,6.0,0.2,0.3,,3.6061,67.1255,0.0,0.0,1,100000000000001.1
71,Double Wishbone,8.0,0.2,0.3,,3.6061,67.1294,0.0,0.0,1,100000000000001.1
72,Double Wishbone,10.0,0.2,0.3,,3.6061,67.1308,0.0,0.0,1,100000000000001.1
73,Double Wishbone,0,0.05,0.35,,8.7363,239111.9173,0.1677,0.1814,1,100000000000026.78
74,Double Wishbone,2.0,0.05,0.35,,8.8767,264155.0407,0.1441,0.2017,1,100000000000029.33
75,Double Wishbone,4.0,0.05,0.35,,8.3938,219481.0223,0.1157,0.1857,1,100000000000024.67
76,Double Wishbone,6.0,0.05,0.35,,9.2005,277123.0173,0.1157,0.1916,1,100000000000030.69
77,Double Wishbone,8.0,0.05,0.35,,7.3969,193808.2266,0.0783,0.1829,1,100000000000021.78
78,Double Wishbone,10.0,0.05,0.35,,7.5943,206625.5271,0.0853,0.1963,1,100000000000023.14
79,Double Wishbone,0,0.1,0.35,,3.605,415.3097,0.0,0.0,1,100000000000001.12
80,Double Wishbone,2.0,0.1,0.35,,3.605,415.2881,0.0,0.0,1,100000000000001.12
81,Double Wishbone,4.0,0.1,0.35,,3.605,415.2665,0.0,0.0,1,100000000000001.12
82,Double Wishbone,6.0,0.1,0.35,,3.605,415.2448,0.0,0.0,1,100000000000001.12
83,Double Wishbone,8.0,0.1,0.35,,3.605,415.2228,0.0,0.0,1,100000000000001.12
84,Double Wishbone,10.0,0.1,0.35,,3.605,415.2012,0.0,0.0,1,100000000000001.12
85,Double Wishbone,0,0.15,0.35,,3.605,121.3874,0.0,0.0,1,100000000000001.1
86,Double Wishbone,2.0,0.15,0.35,,3.605,121.3787,0.0,0.0,1,100000000000001.1
87,Double Wishbone,4.0,0.15,0.35,,3.605,121.3774,0.0,0.0,1,100000000000001.1
88,Double Wishbone,6.0,0.15,0.35,,3.605,121.3785,0.0,0.0,1,100000000000001.1
89,Double Wishbone,8.0,0.15,0.35,,3.605,121.3797,0.0,0.0,1,100000000000001.1
90,Double Wishbone,10.0,0.15,0.35,,3.605,121.3822,0.0,0.0,1,100000000000001.1
91,Double Wishbone,0,0.2,0.35,,3.605,53.0644,0.0,0.0,1,100000000000001.1
92,Double Wishbone,2.0,0.2,0.35,,3.605,53.0589,0.0,0.0,1,100000000000001.1
93,Double Wishbone,4.0,0.2,0.35,,3.605,53.0607,0.0,0.0,1,100000000000001.1
94,Double Wishbone,6.0,0.2,0.35,,3.605,53.0623,0.0,0.0,1,100000000000001.1
95,Double Wishbone,8.0,0.2,0.35,,3.605,53.0608,0.0,0.0,1,100000000000001.1
96,Double Wishbone,10.0,0.2,0.35,,3.605,53.0595,0.0,0.0,1,100000000000001.1
97,Double Wishbone,0,0.05,0.4,,8.366,198442.2492,0.1077,0.1817,1,100000000000022.56
98,Double Wishbone,2.0,0.05,0.4,,8.741,243848.1991,0.1361,0.1949,1,100000000000027.23
99,Double Wishbone,4.0,0.05,0.4,,6.7753,152805.5088,0.1003,0.1817,1,100000000000017.52
100,Double Wishbone,6.0,0.05,0.4,,7.9358,202052.3433,0.1267,0.2083,1,100000000000022.83
101,Double Wishbone,8.0,0.05,0.4,,7.7194,197835.2326,0.0876,0.1775,1,100000000000022.28
102,Double Wishbone,10.0,0.05,0.4,,8.5643,236575.3969,0.1767,0.183,1,100000000000026.48
103,Double Wishbone,0,0.1,0.4,,3.6039,332.7933,0.0,0.0,1,100000000000001.11
104,Double Wishbone,2.0,0.1,0.4,,3.6039,332.785,0.0,0.0,1,100000000000001.11
105,Double Wishbone,4.0,0.1,0.4,,3.6039,332.7763,0.0,0.0,1,100000000000001.11
106,Double Wishbone,6.0,0.1,0.4,,3.6039,332.768,0.0,0.0,1,100000000000001.11
107,Double Wishbone,8.0,0.1,0.4,,3.6039,332.7597,0.0,0.0,1,100000000000001.11
108,Double Wishbone,10.0,0.1,0.4,,3.6039,332.7513,0.0,0.0,1,100000000000001.11
109,Double Wishbone,0,0.15,0.4,,3.6039,98.8718,0.0,0.0,1,100000000000001.1
110,Double Wishbone,2.0,0.15,0.4,,3.6039,98.8652,0.0,0.0,1,100000000000001.1
111,Double Wishbone,4.0,0.15,0.4,,3.6039,98.8607,0.0,0.0,1,100000000000001.1
112,Double Wishbone,6.0,0.15,0.4,,3.6039,98.8636,0.0,0.0,1,100000000000001.1
113,Double Wishbone,8.0,0.15,0.4,,3.6039,98.8644,0.0,0.0,1,100000000000001.1
114,Double Wishbone,10.0,0.15,0.4,,3.6039,98.8653,0.0,0.0,1,100000000000001.1
115,Double Wishbone,0,0.2,0.4,,3.6039,43.4707,0.0,0.0,1,100000000000001.08
116,Double Wishbone,2.0,0.2,0.4,,3.6039,43.4676,0.0,0.0,1,100000000000001.08
117,Double Wishbone,4.0,0.2,0.4,,3.6039,43.4685,0.0,0.0,1,100000000000001.08
118,Double Wishbone,6.0,0.2,0.4,,3.6039,43.4693,0.0,0.0,1,100000000000001.08
119,Double Wishbone,8.0,0.2,0.4,,3.6039,43.4701,0.0,0.0,1,100000000000001.08
120,Double Wishbone,10.0,0.2,0.4,,3.6039,43.4703,0.0,0.0,1,100000000000001.08
121,Double Wishbone,0,0.05,0.45,,6.1007,127542.0919,0.0666,0.1977,1,100000000000014.77
122,Double Wishbone,2.0,0.05,0.45,,6.1296,111264.0473,0.0389,0.1985,1,100000000000013.12
123,Double Wishbone,4.0,0.05,0.45,,7.542,194657.0816,0.1191,0.1867,1,100000000000021.94
124,Double Wishbone,6.0,0.05,0.45,,7.8874,194304.9588,0.1782,0.1932,1,100000000000022.06
125,Double Wishbone,8.0,0.05,0.45,,6.1585,122041.6724,0.0483,0.1796,1,100000000000014.22
126,Double Wishbone,10.0,0.05,0.45,,5.0552,82779.2903,0.0365,0.0671,1,100000000000009.86
127,Double Wishbone,0,0.1,0.45,,3.6029,274.9974,0.0,0.0,1,100000000000001.11
128,Double Wishbone,2.0,0.1,0.45,,3.6029,274.9936,0.0,0.0,1,100000000000001.11
129,Double Wishbone,4.0,0.1,0.45,,3.6029,274.9898,0.0,0.0,1,100000000000001.11
130,Double Wishbone,6.0,0.1,0.45,,3.6029,274.9859,0.0,0.0,1,100000000000001.11
131,Double Wishbone,8.0,0.1,0.45,,3.6029,274.9822,0.0,0.0,1,100000000000001.11
132,Double Wishbone,10.0,0.1,0.45,,3.6029,274.9785,0.0,0.0,1,100000000000001.11
133,Double Wishbone,0,0.15,0.45,,3.6029,82.7415,0.0,0.0,1,100000000000001.1
134,Double Wishbone,2.0,0.15,0.45,,3.6029,82.7404,0.0,0.0,1,100000000000001.1
135,Double Wishbone,4.0,0.15,0.45,,3.6029,82.7365,0.0,0.0,1,100000000000001.1
136,Double Wishbone,6.0,0.15,0.45,,3.6029,82.7363,0.0,0.0,1,100000000000001.1
137,Double Wishbone,8.0,0.15,0.45,,3.6029,82.7372,0.0,0.0,1,100000000000001.1
138,Double Wishbone,10.0,0.15,0.45,,3.6029,82.7381,0.0,0.0,1,100000000000001.1
139,Double Wishbone,0,0.2,0.45,,3.6029,36.5823,0.0,0.0,1,100000000000001.08
140,Double Wishbone,2.0,0.2,0.45,,3.6029,36.5795,0.0,0.0,1,100000000000001.08
141,Double Wishbone,4.0,0.2,0.45,,3.6029,36.5798,0.0,0.0,1,100000000000001.08
142,Double Wishbone,6.0,0.2,0.45,,3.6029,36.5805,0.0,0.0,1,100000000000001.08
143,Double Wishbone,8.0,0.2,0.45,,3.6029,36.5803,0.0,0.0,1,100000000000001.08
144,Double Wishbone,10.0,0.2,0.45,,3.6029,36.5807,0.0,0.0,1,100000000000001.08
145,Double Wishbone,0,0.05,0.5,,3.602,2581.0179,0.0,0.0001,1,100000000000001.34
146,Double Wishbone,2.0,0.05,0.5,,3.602,2579.4771,0.0,0.0001,1,100000000000001.34
147,Double Wishbone,4.0,0.05,0.5,,3.602,2576.7391,0.0,0.0001,1,100000000000001.34
148,Double Wishbone,6.0,0.05,0.5,,3.602,2573.0986,0.0,0.0001,1,100000000000001.34
149,Double Wishbone,8.0,0.05,0.5,,3.602,2577.6835,0.0,0.0001,1,100000000000001.34
150,Double Wishbone,10.0,0.05,0.5,,3.602,2569.3375,0.0,0.0001,1,100000000000001.34
151,Double Wishbone,0,0.1,0.5,,3.602,232.5557,0.0,0.0,1,100000000000001.11
152,Double Wishbone,2.0,0.1,0.5,,3.602,232.5472,0.0,0.0,1,100000000000001.11
153,Double Wishbone,4.0,0.1,0.5,,3.602,232.5456,0.0,0.0,1,100000000000001.11
154,Double Wishbone,6.0,0.1,0.5,,3.602,232.5431,0.0,0.0,1,100000000000001.11
155,Double Wishbone,8.0,0.1,0.5,,3.602,232.5423,0.0,0.0,1,100000000000001.11
156,Double Wishbone,10.0,0.1,0.5,,3.602,232.5405,0.0,0.0,1,100000000000001.11
157,Double Wishbone,0,0.15,0.5,,3.602,70.7569,0.0,0.0,1,100000000000001.1
158,Double Wishbone,2.0,0.15,0.5,,3.602,70.7574,0.0,0.0,1,100000000000001.1
159,Double Wishbone,4.0,0.15,0.5,,3.602,70.754,0.0,0.0,1,100000000000001.1
160,Double Wishbone,6.0,0.15,0.5,,3.602,70.7519,0.0,0.0,1,100000000000001.1
161,Double Wishbone,8.0,0.15,0.5,,3.602,70.7531,0.0,0.0,1,100000000000001.1
162,Double Wishbone,10.0,0.15,0.5,,3.602,70.7534,0.0,0.0,1,100000000000001.1
163,Double Wishbone,0,0.2,0.5,,3.602,31.4348,0.0,0.0,1,100000000000001.08
164,Double Wishbone,2.0,0.2,0.5,,3.602,31.4326,0.0,0.0,1,100000000000001.08
165,Double Wishbone,4.0,0.2,0.5,,3.602,31.4327,0.0,0.0,1,100000000000001.08
166,Double Wishbone,6.0,0.2,0.5,,3.602,31.4328,0.0,0.0,1,100000000000001.08
167,Double Wishbone,8.0,0.2,0.5,,3.602,31.433,0.0,0.0,1,100000000000001.08
168,Double Wishbone,10.0,0.2,0.5,,3.602,31.4332,0.0,0.0,1,100000000000001.08
169,Double Wishbone,0,0.05,0.55,,3.6012,2261.9834,0.0,0.0001,1,100000000000001.31
170,Double Wishbone,2.0,0.05,0.55,,3.6012,2261.2408,0.0,0.0001,1,100000000000001.31
171,Double Wishbone,4.0,0.05,0.55,,3.6012,2260.6004,0.0,0.0001,1,100000000000001.31
172,Double Wishbone,6.0,0.05,0.55,,3.6012,2260.5315,0.0,0.0001,1,100000000000001.31
173,Double Wishbone,8.0,0.05,0.55,,3.6012,2260.6932,0.0,0.0001,1,100000000000001.31
174,Double Wishbone,10.0,0.05,0.55,,3.6012,2261.0896,0.0,0.0001,1,100000000000001.31
175,Double Wishbone,0,0.1,0.55,,3.6012,200.8908,0.0,0.0,1,100000000000001.1
176,Double Wishbone,2.0,0.1,0.55,,3.6012,200.8924,0.0,0.0,1,100000000000001.1
177,Double Wishbone,4.0,0.1,0.55,,3.6012,200.8893,0.0,0.0,1,100000000000001.1
178,Double Wishbone,6.0,0.1,0.55,,3.6012,200.8962,0.0,0.0,1,100000000000001.1
179,Double Wishbone,8.0,0.1,0.55,,3.6012,200.8851,0.0,0.0,1,100000000000001.1
180,Double Wishbone,10.0,0.1,0.55,,3.6012,200.9056,0.0,0.0,1,100000000000001.1
181,Double Wishbone,0,0.15,0.55,,3.6012,61.5428,0.0,0.0,1,100000000000001.1
182,Double Wishbone,2.0,0.15,0.55,,3.6012,61.5478,0.0,0.0,1,100000000000001.1
183,Double Wishbone,4.0,0.15,0.55,,3.6012,61.5446,0.0,0.0,1,100000000000001.1
184,Double Wishbone,6.0,0.15,0.55,,3.6012,61.542,0.0,0.0,1,100000000000001.1
185,Double Wishbone,8.0,0.15,0.55,,3.6012,61.5427,0.0,0.0,1,100000000000001.1
186,Double Wishbone,10.0,0.15,0.55,,3.6012,61.5426,0.0,0.0,1,100000000000001.1
187,Double Wishbone,0,0.2,0.55,,3.6012,27.4697,0.0,0.0,1,100000000000001.08
188,Double Wishbone,2.0,0.2,0.55,,3.6012,27.4671,0.0,0.0,1,100000000000001.08
189,Double Wishbone,4.0,0.2,0.55,,3.6012,27.4677,0.0,0.0,1,100000000000001.08
190,Double Wishbone,6.0,0.2,0.55,,3.6012,27.4691,0.0,0.0,1,100000000000001.08
191,Double Wishbone,8.0,0.2,0.55,,3.6012,27.4684,0.0,0.0,1,100000000000001.08
192,Double Wishbone,10.0,0.2,0.55,,3.6012,27.4685,0.0,0.0,1,100000000000001.08
193,Double Wishbone,0,0.05,0.6,,3.6005,1856.4189,0.0,0.0001,1,100000000000001.27
194,Double Wishbone,2.0,0.05,0.6,,3.6005,1856.1818,0.0,0.0001,1,100000000000001.27
195,Double Wishbone,4.0,0.05,0.6,,3.6005,1856.0514,0.0,0.0001,1,100000000000001.27
196,Double Wishbone,6.0,0.05,0.6,,3.6005,1855.8683,0.0,0.0001,1,100000000000001.27
197,Double Wishbone,8.0,0.05,0.6,,3.6005,1855.6804,0.0,0.0001,1,100000000000001.27
198,Double Wishbone,10.0,0.05,0.6,,3.6005,1855.4448,0.0,0.0001,1,100000000000001.27
199,Double Wishbone,0,0.1,0.6,,3.6005,176.1708,0.0,0.0,1,100000000000001.1
200,Double Wishbone,2.0,0.1,0.6,,3.6005,176.1704,0.0,0.0,1,100000000000001.1
201,Double Wishbone,4.0,0.1,0.6,,3.6005,176.167,0.0,0.0,1,100000000000001.1
202,Double Wishbone,6.0,0.1,0.6,,3.6005,176.1704,0.0,0.0,1,100000000000001.1
203,Double Wishbone,8.0,0.1,0.6,,3.6005,176.1703,0.0,0.0,1,100000000000001.1
204,Double Wishbone,10.0,0.1,0.6,,3.6005,176.1749,0.0,0.0,1,100000000000001.1
205,Double Wishbone,0,0.15,0.6,,3.6005,54.3001,0.0,0.0,1,100000000000001.08
206,Double Wishbone,2.0,0.15,0.6,,3.6005,54.3008,0.0,0.0,1,100000000000001.08
207,Double Wishbone,4.0,0.15,0.6,,3.6005,54.3029,0.0,0.0,1,100000000000001.08
208,Double Wishbone,6.0,0.15,0.6,,3.6005,54.3011,0.0,0.0,1,100000000000001.08
209,Double Wishbone,8.0,0.15,0.6,,3.6005,54.295,0.0,0.0,1,100000000000001.08
210,Double Wishbone,10.0,0.15,0.6,,3.6005,54.2936,0.0,0.0,1,100000000000001.08
211,Double Wishbone,0,0.2,0.6,,3.6005,24.324,0.0,0.0,1,100000000000001.08
212,Double Wishbone,2.0,0.2,0.6,,3.6005,24.3257,0.0,0.0,1,100000000000001.08
213,Double Wishbone,4.0,0.2,0.6,,3.6005,24.3233,0.0,0.0,1,100000000000001.08
214,Double Wishbone,6.0,0.2,0.6,,3.6005,24.3234,0.0,0.0,1,100000000000001.08
215,Double Wishbone,8.0,0.2,0.6,,3.6005,24.3233,0.0,0.0,1,100000000000001.08
216,Double Wishbone,10.0,0.2,0.6,,3.6005,24.3233,0.0,0.0,1,100000000000001.08
217,Rocker Bogie,10,0.6,0.6,,18.3608,1224193.6533,0.0973,0.4356,0,128.3007
218,Rocker Bogie,20.0,0.6,0.6,,16.799,3007550.4898,0.0844,0.3384,0,306.0907
219,Rocker Bogie,30.0,0.6,0.6,,10.3551,6225601.3882,0.3924,0.3784,0,626.2062
220,Rocker Bogie,40.0,0.6,0.6,,13.5278,5621404.7349,1.5551,0.6233,0,567.7237
221,Rocker Bogie,50.0,0.6,0.6,,15.4051,6587732.024,0.4829,0.5685,0,664.1307
222,Rocker Bogie,60.0,0.6,0.6,,22.4809,10347835.835,0.7824,0.9468,0,1042.7383
223,Rocker Bogie,70.0,0.6,0.6,,20.1163,7309268.5941,0.1773,0.4634,0,737.4102
224,Rocker Bogie,80.0,0.6,0.6,,9.5493,9081884.1241,0.23,0.4067,1,100000000000911.5
225,Rocker Bogie,90.0,0.6,0.6,,19.094,3905032.679,3.1116,1.554,0,399.4974
226,Rocker Bogie,100.0,0.6,0.6,,14.9911,6212317.2566,0.4353,0.4311,0,626.3355
227,Rocker Bogie,10,0.6,0.8,,12.5252,919838.8884,3.1416,1.2503,0,98.8158
228,Rocker Bogie,20.0,0.6,0.8,,16.6117,9878124.8449,2.5416,1.4995,0,995.6248
229,Rocker Bogie,30.0,0.6,0.8,,27.1618,5050058.0977,3.1416,1.5319,0,516.4258
230,Rocker Bogie,40.0,0.6,0.8,,15.9997,8879251.2165,3.1416,0.5201,0,895.2882
231,Rocker Bogie,50.0,0.6,0.8,,14.1379,797380.4201,3.1413,1.1787,0,87.0034
232,Rocker Bogie,60.0,0.6,0.8,,23.264,4592553.1507,3.1415,1.4699,1,100000000000469.47
233,Rocker Bogie,70.0,0.6,0.8,,9.0424,9651811.5505,0.3206,0.3562,1,100000000000968.38
234,Rocker Bogie,80.0,0.6,0.8,,11.0942,7008180.4744,3.1415,0.7879,1,100000000000706.89
235,Rocker Bogie,90.0,0.6,0.8,,11.6656,6666952.5591,0.0456,0.4032,0,670.509
236,Rocker Bogie,100.0,0.6,0.8,,19.2154,4481002.9614,3.1409,1.5697,0,457.1624
237,Rocker Bogie,10,0.6,1.0,,10.7941,38634839.8628,0.124,0.3238,0,3867.0357
238,Rocker Bogie,20.0,0.6,1.0,,8.8739,10804096.5321,0.449,0.3021,1,100000000001083.6
239,Rocker Bogie,30.0,0.6,1.0,,9.9891,5568943.5276,0.3194,0.3615,0,560.3677
240,Rocker Bogie,40.0,0.6,1.0,,17.0473,4123355.4754,3.1402,1.5337,0,420.7215
241,Rocker Bogie,50.0,0.6,1.0,,12.3074,626533.2077,0.1239,0.4931,0,66.7774
242,Rocker Bogie,60.0,0.6,1.0,,21.5013,3434254.1871,0.1899,0.491,0,350.3525
243,Rocker Bogie,70.0,0.6,1.0,,11.1705,13343018.1855,0.0816,0.3693,0,1337.9686
244,Rocker Bogie,80.0,0.6,1.0,,15.1459,12224608.6631,3.1416,0.5672,1,100000000001229.6
245,Rocker Bogie,90.0,0.6,1.0,,18.6609,3890666.5784,3.1416,1.2365,0,397.7296
246,Rocker Bogie,100.0,0.6,1.0,,23.568,9942471.1994,3.1415,1.4902,1,100000000001004.56
247,Rocker Bogie,10,0.6,1.2,,13.3911,10976353.0144,0.1261,0.8542,0,1102.3388
248,Rocker Bogie,20.0,0.6,1.2,,11.511,13638062.6504,0.6312,0.2239,0,1367.8581
249,Rocker Bogie,30.0,0.6,1.2,,11.7913,15451064.2646,3.1415,0.7786,1,100000000001551.39
250,Rocker Bogie,40.0,0.6,1.2,,11.0538,3613582.3611,0.0754,0.3723,0,364.9878
251,Rocker Bogie,50.0,0.6,1.2,,11.7494,8493469.0572,0.5,0.9351,0,853.8763
252,Rocker Bogie,60.0,0.6,1.2,,12.467,35485676.9324,0.5639,0.5714,0,3553.1025
253,Rocker Bogie,70.0,0.6,1.2,,19.072,3467567.2712,0.7271,0.5007,0,353.3377
254,Rocker Bogie,80.0,0.6,1.2,,15.1671,7548941.779,0.3268,0.4337,0,759.9766
255,Rocker Bogie,90.0,0.6,1.2,,22.3189,3497345.8167,0.4184,0.5324,0,357.0959
256,Rocker Bogie,100.0,0.6,1.2,,9.9866,7433483.9571,0.287,0.4068,0,746.83
257,Rocker Bogie,10,0.6,1.4,,12.5563,21217671.2977,3.1405,1.5681,1,100000000002128.83
258,Rocker Bogie,20.0,0.6,1.4,,15.826,7598246.2847,3.1415,1.5333,0,767.8447
259,Rocker Bogie,30.0,0.6,1.4,,11.0519,7770770.3913,0.9802,1.4349,0,782.0832
260,Rocker Bogie,40.0,0.6,1.4,,9.9158,383940.8614,0.1878,0.6465,0,41.9528
261,Rocker Bogie,50.0,0.6,1.4,,15.3282,7050974.9068,0.3329,0.3013,0,710.14
262,Rocker Bogie,60.0,0.6,1.4,,20.6714,4917660.1465,0.3869,0.9449,0,498.8997
263,Rocker Bogie,70.0,0.6,1.4,,10.7571,5767628.8034,0.3213,0.5017,0,580.5661
264,Rocker Bogie,80.0,0.6,1.4,,16.7553,13260036.3856,0.8104,0.7994,0,1332.1571
265,Rocker Bogie,90.0,0.6,1.4,,11.8522,3017017.6746,0.3428,0.7173,0,305.9995
266,Rocker Bogie,100.0,0.6,1.4,,14.3926,6476371.8758,0.1498,0.5513,0,652.4458
267,Rocker Bogie,10,0.6,1.6,,12.9235,6081437.031,0.1076,0.1947,0,612.2324
268,Rocker Bogie,20.0,0.6,1.6,,15.4625,7972958.4291,0.0869,0.2457,0,802.1674
269,Rocker Bogie,30.0,0.6,1.6,,11.3463,13152935.4567,0.2522,0.4589,0,1319.1952
270,Rocker Bogie,40.0,0.6,1.6,,22.2649,8826498.1094,0.4366,0.3507,0,889.8804
271,Rocker Bogie,50.0,0.6,1.6,,10.8994,17062660.9571,3.1416,1.5582,1,100000000001712.83
272,Rocker Bogie,60.0,0.6,1.6,,10.2561,4436618.6481,0.1011,1.171,0,447.6292
273,Rocker Bogie,70.0,0.6,1.6,,13.2538,6585732.2678,0.2843,0.3662,0,663.0047
274,Rocker Bogie,80.0,0.6,1.6,,10.9442,873987.2701,0.2214,0.9907,1,100000000000091.53
275,Rocker Bogie,90.0,0.6,1.6,,9.5681,439476.7856,0.4463,0.2228,0,47.2864
276,Rocker Bogie,100.0,0.6,1.6,,10.867,16485604.3235,3.1412,1.4298,1,100000000001655.02
277,Rocker Bogie,10,0.8,0.6,,16.1191,20695397.0925,0.3459,0.7498,0,2075.1425
278,Rocker Bogie,20.0,0.8,0.6,,12.2689,6551458.2042,0.3202,0.7763,0,659.594
279,Rocker Bogie,30.0,0.8,0.6,,10.3742,530490.3579,0.3829,0.8546,0,57.0276
280,Rocker Bogie,40.0,0.8,0.6,,17.7356,2716775.8348,3.1415,1.333,0,280.1304
281,Rocker Bogie,50.0,0.8,0.6,,27.443,6199850.0734,3.1415,1.5661,0,631.5133
282,Rocker Bogie,60.0,0.8,0.6,,17.8637,2560532.5013,0.1335,0.6142,0,261.9358
283,Rocker Bogie,70.0,0.8,0.6,,10.7787,8026251.9912,0.1841,0.7108,0,806.4853
284,Rocker Bogie,80.0,0.8,0.6,,11.1939,6124082.6349,0.1824,0.3103,0,616.1113
285,Rocker Bogie,90.0,0.8,0.6,,11.7457,18234438.3087,0.1854,0.6776,1,100000000001827.58
286,Rocker Bogie,100.0,0.8,0.6,,14.4818,3349039.3195,0.1571,0.7129,0,339.8575
287,Rocker Bogie,10,0.8,0.8,,14.4262,21814750.3584,3.1414,1.5106,1,100000000002189.06
288,Rocker Bogie,20.0,0.8,0.8,,11.3511,5592367.6286,0.9736,1.5,0,564.3736
289,Rocker Bogie,30.0,0.8,0.8,,11.8697,8455664.0978,0.6699,0.4199,0,849.8902
290,Rocker Bogie,40.0,0.8,0.8,,40.6874,10548089.9056,3.1415,1.5345,0,1070.2884
291,Rocker Bogie,50.0,0.8,0.8,,12.914,33375211.0552,3.1415,0.4548,1,100000000003343.9
292,Rocker Bogie,60.0,0.8,0.8,,10.3609,682688.5921,0.3718,0.4667,0,71.9641
293,Rocker Bogie,70.0,0.8,0.8,,15.3143,13470045.9178,0.5457,1.191,0,1352.8146
294,Rocker Bogie,80.0,0.8,0.8,,22.5405,6515899.073,3.1414,1.4045,0,661.5341
295,Rocker Bogie,90.0,0.8,0.8,,10.3705,10808020.3388,0.289,0.5123,0,1084.4741
296,Rocker Bogie,100.0,0.8,0.8,,10.8036,7296430.8218,0.0991,0.2751,0,733.1461
297,Rocker Bogie,10,0.8,1.0,,10.3464,6739793.4586,0.2009,0.8124,0,677.7926
298,Rocker Bogie,20.0,0.8,1.0,,11.1952,7203146.412,0.2129,0.8924,0,724.4469
299,Rocker Bogie,30.0,0.8,1.0,,15.181,964585.5723,0.0727,1.0374,0,101.7899
300,Rocker Bogie,40.0,0.8,1.0,,12.0656,20412537.5989,3.1415,0.8125,1,100000000002047.64
301,Rocker Bogie,50.0,0.8,1.0,,20.1241,11878276.339,3.1416,1.5083,0,1197.1198
302,Rocker Bogie,60.0,0.8,1.0,,18.9556,9907979.3675,0.6434,0.5789,0,997.3403
303,Rocker Bogie,70.0,0.8,1.0,,10.495,5770574.8494,0.0605,0.209,0,580.3946
304,Rocker Bogie,80.0,0.8,1.0,,13.6889,6540601.6582,0.0604,0.9447,1,100000000000658.88
305,Rocker Bogie,90.0,0.8,1.0,,10.3598,8335483.3302,0.1272,1.247,1,100000000000837.62
306,Rocker Bogie,100.0,0.8,1.0,,10.3172,7768237.2838,0.2345,0.3063,0,780.2974
307,Rocker Bogie,10,0.8,1.2,,16.289,9655946.9956,3.1416,1.5701,1,100000000000973.78
308,Rocker Bogie,20.0,0.8,1.2,,10.2759,3963999.2573,0.0855,1.2745,0,400.4346
309,Rocker Bogie,30.0,0.8,1.2,,10.7087,34777569.408,3.1416,0.7573,1,100000000003483.7
310,Rocker Bogie,40.0,0.8,1.2,,12.3077,10876764.6489,3.1416,1.4108,1,100000000001094.56
311,Rocker Bogie,50.0,0.8,1.2,,12.9184,4340838.9844,0.1273,0.2915,0,438.2526
312,Rocker Bogie,60.0,0.8,1.2,,10.9718,548509.901,0.6679,0.3876,0,58.8813
313,Rocker Bogie,70.0,0.8,1.2,,9.7044,6867118.3344,0.329,0.2415,0,690.0224
314,Rocker Bogie,80.0,0.8,1.2,,9.9779,2563730.7301,0.194,0.5656,0,259.8981
315,Rocker Bogie,90.0,0.8,1.2,,9.8931,5134722.0651,0.0604,0.2637,0,516.667
316,Rocker Bogie,100.0,0.8,1.2,,11.1819,623874.3251,0.1041,0.4466,0,66.1275
317,Rocker Bogie,10,0.8,1.4,,13.2557,19950028.3816,3.1415,0.6432,1,100000000002001.62
318,Rocker Bogie,20.0,0.8,1.4,,19.81,10704609.9103,0.3726,0.6227,0,1077.1007
319,Rocker Bogie,30.0,0.8,1.4,,13.2197,9926221.2923,3.1416,0.4273,0,999.0862
320,Rocker Bogie,40.0,0.8,1.4,,13.1058,14018326.0735,0.9705,1.204,0,1407.2865
321,Rocker Bogie,50.0,0.8,1.4,,10.6342,8179423.2029,0.6174,0.7091,0,822.0611
322,Rocker Bogie,60.0,0.8,1.4,,12.9385,1212515.4987,2.8113,0.9905,0,127.7944
323,Rocker Bogie,70.0,0.8,1.4,,10.6439,8006179.289,0.6725,0.6712,0,804.7516
324,Rocker Bogie,80.0,0.8,1.4,,15.4956,9052266.6939,0.3726,0.7166,0,910.6378
325,Rocker Bogie,90.0,0.8,1.4,,16.362,8841949.6518,0.7639,0.6813,0,890.1152
326,Rocker Bogie,100.0,0.8,1.4,,15.2187,15439045.22,0.3269,0.6384,0,1549.1458
327,Rocker Bogie,10,0.8,1.6,,11.2951,14500363.7794,0.2001,0.3615,0,1453.818
328,Rocker Bogie,20.0,0.8,1.6,,12.3028,14043602.5021,0.1118,0.5678,0,1408.5268
329,Rocker Bogie,30.0,0.8,1.6,,11.2841,7121094.3637,0.0819,0.2397,0,715.7198
330,Rocker Bogie,40.0,0.8,1.6,,11.7021,10400371.7322,3.1393,1.5093,0,1046.8018
331,Rocker Bogie,50.0,0.8,1.6,,23.5033,11774825.4789,3.1415,1.1145,0,1187.5127
332,Rocker Bogie,60.0,0.8,1.6,,9.906,6505585.5322,0.204,0.7806,0,654.2196
333,Rocker Bogie,70.0,0.8,1.6,,10.6842,6864102.8488,0.3473,0.1604,0,689.971
334,Rocker Bogie,80.0,0.8,1.6,,9.8121,7325001.3314,0.684,0.6801,0,736.3986
335,Rocker Bogie,90.0,0.8,1.6,,11.9642,4313792.3814,0.4112,0.2835,0,435.4548
336,Rocker Bogie,100.0,0.8,1.6,,11.8723,13460468.5357,0.4329,0.4088,0,1350.1977
337,Rocker Bogie,10,1.0,0.6,,10.7378,411743.9801,0.4878,0.5638,0,45.1319
338,Rocker Bogie,20.0,1.0,0.6,,16.1251,5662574.3176,3.1416,1.5577,0,574.3845
339,Rocker Bogie,30.0,1.0,0.6,,10.8541,7830030.4799,0.6856,0.7528,0,787.2662
340,Rocker Bogie,40.0,1.0,0.6,,11.4452,20966267.5008,3.1415,0.4617,1,100000000002102.58
341,Rocker Bogie,50.0,1.0,0.6,,21.4675,37214323.6028,3.1416,1.4984,0,3731.1206
342,Rocker Bogie,60.0,1.0,0.6,,19.133,8014077.072,0.8128,1.5026,0,808.7684
343,Rocker Bogie,70.0,1.0,0.6,,15.9843,9306355.3551,0.1271,0.326,0,935.748
344,Rocker Bogie,80.0,1.0,0.6,,20.9246,26718014.2322,0.0768,0.5602,0,2678.5248
345,Rocker Bogie,90.0,1.0,0.6,,13.6791,709363.0579,0.4808,0.6396,0,75.8243
346,Rocker Bogie,100.0,1.0,0.6,,13.2823,835219.9925,0.277,0.59,0,88.1136
347,Rocker Bogie,10,1.0,0.8,,24.1437,15152322.1902,3.1406,0.7317,0,1525.1859
348,Rocker Bogie,20.0,1.0,0.8,,41.2181,7193538.6123,3.1416,1.4337,0,734.922
349,Rocker Bogie,30.0,1.0,0.8,,11.6182,7851220.9389,0.5028,0.7768,0,789.5033
350,Rocker Bogie,40.0,1.0,0.8,,22.4253,13173689.802,3.1416,1.522,1,100000000001327.36
351,Rocker Bogie,50.0,1.0,0.8,,10.427,6438589.6234,0.5786,0.4956,0,647.739
352,Rocker Bogie,60.0,1.0,0.8,,18.1342,1970715.9263,1.0842,0.3632,0,203.525
353,Rocker Bogie,70.0,1.0,0.8,,13.1306,7390475.5775,3.1415,1.5154,0,746.2466
354,Rocker Bogie,80.0,1.0,0.8,,10.2461,7864302.8687,0.1189,0.5689,0,789.9856
355,Rocker Bogie,90.0,1.0,0.8,,9.8798,300432.0366,0.232,0.2531,0,33.3467
356,Rocker Bogie,100.0,1.0,0.8,,10.6156,459361.9102,0.2098,0.4187,0,49.5608
357,Rocker Bogie,10,1.0,1.0,,11.0181,7323112.9696,0.1442,0.7912,0,736.2715
358,Rocker Bogie,20.0,1.0,1.0,,10.84,7446485.97,0.2908,0.5076,0,748.4594
359,Rocker Bogie,30.0,1.0,1.0,,10.7469,5893075.9468,0.4489,0.6836,0,593.3244
360,Rocker Bogie,40.0,1.0,1.0,,19.3167,34685389.3518,3.1416,1.4932,0,3477.5783
361,Rocker Bogie,50.0,1.0,1.0,,11.9431,9085071.5902,3.1416,0.7856,1,100000000000914.84
362,Rocker Bogie,60.0,1.0,1.0,,12.8692,27108472.8743,0.0999,0.6726,0,2715.2488
363,Rocker Bogie,70.0,1.0,1.0,,14.2235,5113176.1599,0.1232,0.6806,0,516.1474
364,Rocker Bogie,80.0,1.0,1.0,,10.52,5750193.4116,0.2264,0.3808,0,578.6004
365,Rocker Bogie,90.0,1.0,1.0,,11.0499,465245.6308,0.3897,0.5173,0,50.4744
366,Rocker Bogie,100.0,1.0,1.0,,10.6771,8294920.3022,0.2087,0.6095,0,833.2679
367,Rocker Bogie,10,1.0,1.2,,25.7553,14778056.8661,3.1416,1.5668,1,100000000001488.83
368,Rocker Bogie,20.0,1.0,1.2,,11.4903,486512.1921,0.5544,0.7739,0,53.0281
369,Rocker Bogie,30.0,1.0,1.2,,12.3756,7677460.341,0.1765,0.8313,0,772.1642
370,Rocker Bogie,40.0,1.0,1.2,,10.5499,5909658.281,0.3285,0.9554,0,595.0295
371,Rocker Bogie,50.0,1.0,1.2,,11.1771,15081647.2254,0.7842,0.5345,0,1512.441
372,Rocker Bogie,60.0,1.0,1.2,,11.6138,8665347.2779,0.9527,0.6667,0,871.1524
373,Rocker Bogie,70.0,1.0,1.2,,10.5176,7553394.4758,0.17,0.695,0,759.1002
374,Rocker Bogie,80.0,1.0,1.2,,10.7739,7093545.1818,0.3798,0.4216,0,713.1476
375,Rocker Bogie,90.0,1.0,1.2,,11.1902,13580826.1784,0.3408,0.5467,0,1362.0609
376,Rocker Bogie,100.0,1.0,1.2,,11.1304,13621108.9975,0.2424,0.3757,0,1365.8827
377,Rocker Bogie,10,1.0,1.4,,12.562,7475480.9777,1.1591,0.464,0,752.4528
378,Rocker Bogie,20.0,1.0,1.4,,18.2627,4244835.7577,3.1416,1.5498,0,433.2463
379,Rocker Bogie,30.0,1.0,1.4,,10.7678,549149.3739,0.4454,0.7899,0,59.01
380,Rocker Bogie,40.0,1.0,1.4,,28.8063,8097624.4532,3.1414,1.5539,0,821.691
381,Rocker Bogie,50.0,1.0,1.4,,10.6515,9349409.7524,0.2435,1.0087,0,939.013
382,Rocker Bogie,60.0,1.0,1.4,,12.647,9646912.149,3.1416,0.855,0,971.283
383,Rocker Bogie,70.0,1.0,1.4,,11.1529,8442277.2941,0.1621,1.1465,0,848.4896
384,Rocker Bogie,80.0,1.0,1.4,,10.5527,545572.5109,0.2523,0.4543,0,58.2176
385,Rocker Bogie,90.0,1.0,1.4,,10.714,485198.5114,0.3255,0.4152,0,52.2526
386,Rocker Bogie,100.0,1.0,1.4,,10.6966,8039913.4928,0.1741,0.4227,0,807.6181
387,Rocker Bogie,10,1.0,1.6,,11.3934,498666.8369,0.8114,0.3043,0,54.0657
388,Rocker Bogie,20.0,1.0,1.6,,16.5059,8879376.5145,3.1416,1.5403,0,896.1667
389,Rocker Bogie,30.0,1.0,1.6,,12.4724,10618662.2527,3.1416,1.5639,0,1068.9018
390,Rocker Bogie,40.0,1.0,1.6,,10.8758,7197563.3411,0.119,0.9249,0,723.7498
391,Rocker Bogie,50.0,1.0,1.6,,13.52,3073699.3321,3.1416,1.5596,0,314.7167
392,Rocker Bogie,60.0,1.0,1.6,,15.1322,5324821.859,3.1416,1.4186,0,540.214
393,Rocker Bogie,70.0,1.0,1.6,,10.6993,2876549.6598,0.0652,0.306,1,100000000000291.12
394,Rocker Bogie,80.0,1.0,1.6,,11.4804,409215.3744,0.1512,0.497,0,44.8194
395,Rocker Bogie,90.0,1.0,1.6,,9.5494,316650.9107,0.0715,0.3413,0,34.8189
396,Rocker Bogie,100.0,1.0,1.6,,12.1611,6696736.2501,0.8414,0.6657,0,674.3769
397,Rocker Bogie,10,1.2,0.6,,16.0937,449831.2945,3.1416,1.509,0,53.0667
398,Rocker Bogie,20.0,1.2,0.6,,10.9538,354490.5187,0.2173,0.7868,0,39.4381
399,Rocker Bogie,30.0,1.2,0.6,,12.1818,5078403.2298,0.1526,1.1524,0,512.4084
400,Rocker Bogie,40.0,1.2,0.6,,10.9403,10742437.2446,0.183,0.9788,0,1078.3391
401,Rocker Bogie,50.0,1.2,0.6,,11.8752,13405964.1536,0.8777,0.8701,0,1345.3824
402,Rocker Bogie,60.0,1.2,0.6,,10.0364,393382.3489,0.6168,0.7233,0,43.2872
403,Rocker Bogie,70.0,1.2,0.6,,11.0813,320484.604,0.06,0.4366,0,35.7205
404,Rocker Bogie,80.0,1.2,0.6,,16.1719,57899027.9982,3.1415,0.347,1,100000000005797.2
405,Rocker Bogie,90.0,1.2,0.6,,10.5406,395954.6427,0.1835,0.2725,0,43.0769
406,Rocker Bogie,100.0,1.2,0.6,,11.8906,7967172.7006,0.1465,0.7454,0,800.9088
407,Rocker Bogie,10,1.2,0.8,,10.7722,423662.4251,0.3556,0.6359,0,46.2919
408,Rocker Bogie,20.0,1.2,0.8,,17.0717,11160278.5458,3.1402,1.5364,0,1124.423
409,Rocker Bogie,30.0,1.2,0.8,,10.0563,332806.7819,0.097,0.7508,0,36.8911
410,Rocker Bogie,40.0,1.2,0.8,,12.5961,13933198.0822,3.1416,0.9054,0,1399.9315
411,Rocker Bogie,50.0,1.2,0.8,,11.3166,14118670.081,0.1335,1.4652,0,1416.3811
412,Rocker Bogie,60.0,1.2,0.8,,13.2086,6023197.0638,0.0545,0.8167,0,606.8921
413,Rocker Bogie,70.0,1.2,0.8,,10.4788,6221203.509,0.235,0.5343,0,625.8025
414,Rocker Bogie,80.0,1.2,0.8,,10.5172,7203518.1691,0.3913,0.5429,0,724.161
415,Rocker Bogie,90.0,1.2,0.8,,11.6288,7479471.7794,0.1119,0.6142,0,751.9441
416,Rocker Bogie,100.0,1.2,0.8,,10.7111,6706976.0712,0.2393,0.549,0,674.4627
417,Rocker Bogie,10,1.2,1.0,,12.8603,7321325.5447,0.5727,1.2864,0,737.292
418,Rocker Bogie,20.0,1.2,1.0,,10.9836,516117.4856,0.4133,0.9007,0,55.8267
419,Rocker Bogie,30.0,1.2,1.0,,14.3573,8643877.6162,3.1416,0.5951,0,871.3107
420,Rocker Bogie,40.0,1.2,1.0,,10.3778,351744.3882,0.1926,0.7769,0,38.9664
421,Rocker Bogie,50.0,1.2,1.0,,10.4543,7133863.1478,0.2973,0.7965,0,717.2882
422,Rocker Bogie,60.0,1.2,1.0,,10.5463,6146046.6105,0.4772,0.729,0,618.6129
423,Rocker Bogie,70.0,1.2,1.0,,10.3602,498119.6324,0.2129,0.4558,0,53.3881
424,Rocker Bogie,80.0,1.2,1.0,,11.9188,8177595.5861,0.2329,0.8052,0,822.0618
425,Rocker Bogie,90.0,1.2,1.0,,10.9033,7487046.5183,0.1561,0.7075,0,752.5802
426,Rocker Bogie,100.0,1.2,1.0,,9.7848,412429.8113,0.1315,0.3893,0,44.543
427,Rocker Bogie,10,1.2,1.2,,10.4826,417084.5279,0.3089,0.6474,0,45.5227
428,Rocker Bogie,20.0,1.2,1.2,,12.3044,7492297.1628,3.1416,1.023,0,755.8362
429,Rocker Bogie,30.0,1.2,1.2,,10.4574,7712487.5205,0.0964,0.6842,0,774.9324
430,Rocker Bogie,40.0,1.2,1.2,,10.6901,7372213.1428,0.2424,1.0348,0,741.3224
431,Rocker Bogie,50.0,1.2,1.2,,9.8661,338258.3605,0.0586,0.6587,0,37.2878
432,Rocker Bogie,60.0,1.2,1.2,,10.4613,406084.9771,0.1126,0.6333,0,44.269
433,Rocker Bogie,70.0,1.2,1.2,,10.4602,406075.9468,0.1037,0.7529,0,44.3453
434,Rocker Bogie,80.0,1.2,1.2,,10.0277,481847.3483,0.1311,0.4543,0,51.6028
435,Rocker Bogie,90.0,1.2,1.2,,10.339,425323.8058,0.0959,0.54,0,46.0792
436,Rocker Bogie,100.0,1.2,1.2,,10.8197,484454.0059,0.3023,0.2933,0,52.1082
437,Rocker Bogie,10,1.2,1.4,,11.3103,9366812.6974,0.2221,1.0569,0,940.9696
438,Rocker Bogie,20.0,1.2,1.4,,9.8575,318972.0991,0.0603,0.59,0,35.3097
439,Rocker Bogie,30.0,1.2,1.4,,10.2914,7638344.9173,0.919,1.0045,0,768.2684
440,Rocker Bogie,40.0,1.2,1.4,,9.6077,10566961.7652,0.2704,0.6165,1,100000000001060.2
441,Rocker Bogie,50.0,1.2,1.4,,9.7233,325817.7316,0.0985,0.4598,0,35.8896
442,Rocker Bogie,60.0,1.2,1.4,,9.8737,401294.1342,0.1531,0.4784,0,43.5336
443,Rocker Bogie,70.0,1.2,1.4,,8.9386,250283.4828,0.0611,0.4956,1,100000000000028.1
444,Rocker Bogie,80.0,1.2,1.4,,9.7784,335860.4676,0.0846,0.349,0,36.8231
445,Rocker Bogie,90.0,1.2,1.4,,10.5989,7834357.8378,0.2053,0.541,0,787.1378
446,Rocker Bogie,100.0,1.2,1.4,,11.3284,554638.3086,0.4349,0.5324,0,59.5395
447,Rocker Bogie,10,1.2,1.6,,10.1198,334110.3169,0.0953,0.6926,0,36.9985
448,Rocker Bogie,20.0,1.2,1.6,,10.1574,7390556.1277,0.9017,1.0575,0,743.4743
449,Rocker Bogie,30.0,1.2,1.6,,10.0809,378132.8709,0.0953,0.6942,0,41.3902
450,Rocker Bogie,40.0,1.2,1.6,,11.3466,619065.4824,0.2618,0.6287,0,65.9339
451,Rocker Bogie,50.0,1.2,1.6,,10.9956,11939308.0256,0.0972,0.3352,0,1197.5322
452,Rocker Bogie,60.0,1.2,1.6,,11.0021,470870.7599,0.3617,0.5806,0,51.0473
453,Rocker Bogie,70.0,1.2,1.6,,10.5233,7798071.2176,0.1017,1.0716,0,783.7855
454,Rocker Bogie,80.0,1.2,1.6,,10.3634,565393.4057,0.2265,0.5393,0,60.1844
455,Rocker Bogie,90.0,1.2,1.6,,9.5845,311876.2978,0.1443,0.4666,0,34.4906
456,Rocker Bogie,100.0,1.2,1.6,,10.5668,608935.3688,0.2827,0.5847,0,64.6707
457,Rocker Bogie,10,1.4,0.6,,13.09,10953706.1101,0.1724,0.8245,0,1099.9955
458,Rocker Bogie,20.0,1.4,0.6,,11.5499,27184100.4878,0.1223,1.1034,0,2722.733
459,Rocker Bogie,30.0,1.4,0.6,,11.3876,43878616.609,0.1578,1.4553,0,4392.4071
460,Rocker Bogie,40.0,1.4,0.6,,10.2126,21806494.2217,3.1415,0.9806,1,100000000002186.6
461,Rocker Bogie,50.0,1.4,0.6,,11.0965,14567079.8762,0.153,1.0667,0,1460.8908
462,Rocker Bogie,60.0,1.4,0.6,,11.7733,11283688.1997,0.1771,1.3274,0,1132.954
463,Rocker Bogie,70.0,1.4,0.6,,10.8962,7320234.9159,0.7297,0.7538,0,736.3308
464,Rocker Bogie,80.0,1.4,0.6,,9.935,407477.739,0.1259,0.5613,0,44.2094
465,Rocker Bogie,90.0,1.4,0.6,,11.1559,7555805.92,0.1253,0.8662,0,759.6214
466,Rocker Bogie,100.0,1.4,0.6,,10.5163,423815.9667,0.1458,0.3806,0,45.905
467,Rocker Bogie,10,1.4,0.8,,10.8971,400051.7444,0.2029,0.9909,0,44.11
468,Rocker Bogie,20.0,1.4,0.8,,12.5343,506413.0414,0.4127,1.1391,0,55.4879
469,Rocker Bogie,30.0,1.4,0.8,,18.3285,8624863.5569,3.1416,1.2319,0,871.0464
470,Rocker Bogie,40.0,1.4,0.8,,9.7651,357402.3098,0.1684,0.6555,0,39.2464
471,Rocker Bogie,50.0,1.4,0.8,,9.8242,411004.0118,0.119,0.7426,0,44.6507
472,Rocker Bogie,60.0,1.4,0.8,,10.5384,488829.6313,0.6209,0.8249,0,53.0565
473,Rocker Bogie,70.0,1.4,0.8,,11.4499,15793642.6572,0.138,1.2161,0,1583.7471
474,Rocker Bogie,80.0,1.4,0.8,,11.5697,15875993.4884,0.1664,1.2918,0,1592.091
475,Rocker Bogie,90.0,1.4,0.8,,10.3341,366992.39,0.2043,0.5069,0,40.2973
476,Rocker Bogie,100.0,1.4,0.8,,10.6384,4816786.4219,0.4504,0.8247,0,485.7627
477,Rocker Bogie,10,1.4,1.0,,10.7917,599853.4937,0.3392,0.861,0,64.063
478,Rocker Bogie,20.0,1.4,1.0,,11.95,6347039.7849,0.3566,1.3742,0,639.5006
479,Rocker Bogie,30.0,1.4,1.0,,10.0079,407666.6454,0.1176,0.8715,0,44.4614
480,Rocker Bogie,40.0,1.4,1.0,,8.9861,18338643.4919,3.1415,1.4335,1,100000000001839.77
481,Rocker Bogie,50.0,1.4,1.0,,10.7098,526227.8803,0.486,0.8864,0,56.7964
482,Rocker Bogie,60.0,1.4,1.0,,10.8541,470314.6949,0.4317,1.0796,0,51.3456
483,Rocker Bogie,70.0,1.4,1.0,,11.892,3757796.435,0.2949,1.2606,0,380.4361
484,Rocker Bogie,80.0,1.4,1.0,,10.3105,7288384.9236,0.1436,0.7356,0,732.5471
485,Rocker Bogie,90.0,1.4,1.0,,10.3547,7216854.9573,0.1235,0.558,0,725.2689
486,Rocker Bogie,100.0,1.4,1.0,,10.6804,430290.7674,0.2369,0.5606,0,46.7915
487,Rocker Bogie,10,1.4,1.2,,11.66,8111865.7554,3.1416,0.9972,0,817.5818
488,Rocker Bogie,20.0,1.4,1.2,,11.0665,399762.3549,0.1954,0.6871,0,43.914
489,Rocker Bogie,30.0,1.4,1.2,,9.746,333261.0254,0.0802,0.7338,0,36.8197
490,Rocker Bogie,40.0,1.4,1.2,,10.4472,448893.6091,0.6076,1.0852,0,49.2085
491,Rocker Bogie,50.0,1.4,1.2,,10.7405,510410.8432,0.2285,1.0301,0,55.1442
492,Rocker Bogie,60.0,1.4,1.2,,11.6441,7974275.4519,0.3309,0.767,0,801.6893
493,Rocker Bogie,70.0,1.4,1.2,,10.5117,5686620.7611,0.2123,0.6378,0,572.4106
494,Rocker Bogie,80.0,1.4,1.2,,10.9577,22386520.9435,0.1405,1.0853,0,2242.7975
495,Rocker Bogie,90.0,1.4,1.2,,10.4928,474485.38,0.1237,0.653,0,51.1401
496,Rocker Bogie,100.0,1.4,1.2,,11.2283,8131300.6967,0.1284,0.8611,0,817.1912
497,Rocker Bogie,10,1.4,1.4,,10.1954,476362.0638,0.1683,1.1372,0,51.6087
498,Rocker Bogie,20.0,1.4,1.4,,10.7862,793441.3731,0.7289,1.2038,0,83.9329
499,Rocker Bogie,30.0,1.4,1.4,,11.9187,43885454.6287,1.9874,1.3134,0,4394.4317
500,Rocker Bogie,40.0,1.4,1.4,,15.5051,13318635.7324,3.0723,1.03,0,1339.3868
501,Rocker Bogie,50.0,1.4,1.4,,10.0692,415637.6714,0.1767,0.8123,0,45.2768
502,Rocker Bogie,60.0,1.4,1.4,,10.9351,436812.7805,0.3403,0.707,0,47.6949
503,Rocker Bogie,70.0,1.4,1.4,,10.9866,6492032.9543,0.7682,0.6871,0,653.5179
504,Rocker Bogie,80.0,1.4,1.4,,11.3812,2597748.1299,2.979,0.8942,0,265.9004
505,Rocker Bogie,90.0,1.4,1.4,,11.0195,412143.9489,0.3035,0.6424,0,45.1824
506,Rocker Bogie,100.0,1.4,1.4,,10.0749,428889.4428,0.2258,0.3133,0,46.2887
507,Rocker Bogie,10,1.4,1.6,,11.6657,894941.076,3.1416,1.4401,0,96.201
508,Rocker Bogie,20.0,1.4,1.6,,9.7381,15296249.8794,3.1395,1.5573,1,100000000001535.83
509,Rocker Bogie,30.0,1.4,1.6,,10.7422,408222.3121,0.2426,0.9219,0,44.86
510,Rocker Bogie,40.0,1.4,1.6,,11.0171,13772928.692,2.7691,1.5429,0,1383.6164
511,Rocker Bogie,50.0,1.4,1.6,,11.3593,2750826.1836,0.4849,1.3249,0,279.7573
512,Rocker Bogie,60.0,1.4,1.6,,9.8948,384338.2209,0.1213,0.5147,0,41.8474
513,Rocker Bogie,70.0,1.4,1.6,,10.7387,485431.3865,0.1799,0.9909,0,52.5843
514,Rocker Bogie,80.0,1.4,1.6,,9.8435,359981.3028,0.0686,0.5396,0,39.3769
515,Rocker Bogie,90.0,1.4,1.6,,11.0333,5180936.4176,0.2345,0.593,0,521.9829
516,Rocker Bogie,100.0,1.4,1.6,,11.2044,8663422.4594,0.1392,0.8497,0,870.3958
517,Rocker Bogie,10,1.6,0.6,,10.2942,366517.6659,0.2178,0.6918,0,40.3768
518,Rocker Bogie,20.0,1.6,0.6,,9.8722,334649.5511,0.1464,0.6724,0,36.9998
519,Rocker Bogie,30.0,1.6,0.6,,11.1327,8118383.9866,0.2725,0.9957,0,816.066
520,Rocker Bogie,40.0,1.6,0.6,,10.5927,431023.985,0.3143,0.7655,0,47.036
521,Rocker Bogie,50.0,1.6,0.6,,11.5236,460126.8852,0.2107,1.0922,0,50.3818
522,Rocker Bogie,60.0,1.6,0.6,,11.0694,7474064.6643,0.1912,0.9551,0,751.5297
523,Rocker Bogie,70.0,1.6,0.6,,9.8575,375755.215,0.1676,0.5065,0,41.0046
524,Rocker Bogie,80.0,1.6,0.6,,11.2994,11119435.9668,1.7944,1.2884,1,100000000001117.48
525,Rocker Bogie,90.0,1.6,0.6,,11.4725,440705.9293,0.2343,0.7658,0,48.2124
526,Rocker Bogie,100.0,1.6,0.6,,11.2815,7983830.6492,0.1691,1.0546,0,802.6241
527,Rocker Bogie,10,1.6,0.8,,11.8001,8893321.9284,3.1416,1.3454,0,896.0131
528,Rocker Bogie,20.0,1.6,0.8,,10.3933,588963.2673,0.1354,0.9619,0,62.7825
529,Rocker Bogie,30.0,1.6,0.8,,11.2283,403233.6512,0.6615,0.9093,0,44.7914
530,Rocker Bogie,40.0,1.6,0.8,,13.1017,10332108.0984,3.1416,1.4446,0,1040.3516
531,Rocker Bogie,50.0,1.6,0.8,,10.9299,41179087.0634,1.6886,1.5494,0,4123.4543
532,Rocker Bogie,60.0,1.6,0.8,,12.9936,21647674.4548,3.1416,1.4721,0,2171.8951
533,Rocker Bogie,70.0,1.6,0.8,,10.8326,1614698.9186,0.3957,0.9982,0,165.6954
534,Rocker Bogie,80.0,1.6,0.8,,10.9623,504278.9931,0.1209,0.5822,0,54.2088
535,Rocker Bogie,90.0,1.6,0.8,,10.5612,356773.9067,0.0848,0.3482,0,39.1488
536,Rocker Bogie,100.0,1.6,0.8,,9.879,409204.0352,0.1455,0.2981,0,44.1946
537,Rocker Bogie,10,1.6,1.0,,12.3019,11096677.3052,3.1415,1.565,0,1116.6529
538,Rocker Bogie,20.0,1.6,1.0,,9.9866,385579.8834,0.234,0.771,0,42.2575
539,Rocker Bogie,30.0,1.6,1.0,,10.1309,379732.8278,0.2053,0.6665,0,41.6228
540,Rocker Bogie,40.0,1.6,1.0,,12.86,7925062.0167,3.1416,0.9556,0,799.2322
541,Rocker Bogie,50.0,1.6,1.0,,9.69,385638.7593,0.0926,0.6993,0,42.0253
542,Rocker Bogie,60.0,1.6,1.0,,10.2793,407306.7094,0.3278,0.9125,0,44.6826
543,Rocker Bogie,70.0,1.6,1.0,,10.215,402778.9329,0.6058,0.5115,0,44.1245
544,Rocker Bogie,80.0,1.6,1.0,,10.1874,442631.9188,0.2807,0.7694,0,48.0545
545,Rocker Bogie,90.0,1.6,1.0,,10.6434,510127.0595,0.2253,0.6952,0,54.8501
546,Rocker Bogie,100.0,1.6,1.0,,10.5209,374147.286,0.1154,0.3839,0,40.9205
547,Rocker Bogie,10,1.6,1.2,,10.5564,573118.9453,0.4778,0.8208,0,61.3878
548,Rocker Bogie,20.0,1.6,1.2,,29.4377,18932713.2541,3.1416,1.4163,0,1905.2932
549,Rocker Bogie,30.0,1.6,1.2,,9.5981,342013.1585,0.1671,0.6714,0,37.6677
550,Rocker Bogie,40.0,1.6,1.2,,11.497,2598574.672,2.6298,1.5609,0,266.2401
551,Rocker Bogie,50.0,1.6,1.2,,9.7911,359517.453,0.0747,0.3706,0,39.2008
552,Rocker Bogie,60.0,1.6,1.2,,11.0907,2389985.6387,0.1633,1.2085,0,243.286
553,Rocker Bogie,70.0,1.6,1.2,,10.8295,599276.4981,0.1183,1.1299,0,64.0502
554,Rocker Bogie,80.0,1.6,1.2,,10.214,345204.6829,0.0953,0.2875,0,37.8526
555,Rocker Bogie,90.0,1.6,1.2,,10.7794,2280576.9231,0.2263,0.9895,0,232.1426
556,Rocker Bogie,100.0,1.6,1.2,,13.465,13553270.4423,2.2611,0.7323,0,1361.462
557,Rocker Bogie,10,1.6,1.4,,10.0845,466496.0984,0.3914,0.6519,0,50.4053
558,Rocker Bogie,20.0,1.6,1.4,,9.8846,398161.0842,0.1277,0.6921,0,43.3553
559,Rocker Bogie,30.0,1.6,1.4,,10.859,607054.291,0.1425,1.2632,0,64.9471
560,Rocker Bogie,40.0,1.6,1.4,,26.3704,8212634.5745,1.4861,1.1224,0,831.0005
561,Rocker Bogie,50.0,1.6,1.4,,9.9817,331031.3107,0.0663,0.3857,0,36.4141
562,Rocker Bogie,60.0,1.6,1.4,,10.4016,536679.5745,0.4504,0.838,0,57.6903
563,Rocker Bogie,70.0,1.6,1.4,,10.6268,387463.7749,0.1077,0.4848,0,42.3491
564,Rocker Bogie,80.0,1.6,1.4,,10.4622,482123.056,0.2313,1.0057,0,52.2168
565,Rocker Bogie,90.0,1.6,1.4,,11.6043,38311590.4719,3.1416,1.2179,0,3837.692
566,Rocker Bogie,100.0,1.6,1.4,,10.0411,483954.6677,0.1621,0.6721,0,51.9918
567,Rocker Bogie,10,1.6,1.6,,9.8502,454473.993,0.1939,0.6879,0,49.0197
568,Rocker Bogie,20.0,1.6,1.6,,9.9424,428120.7724,0.1971,0.7948,0,46.4891
569,Rocker Bogie,30.0,1.6,1.6,,10.2482,340286.0958,0.0702,0.6869,0,37.6331
570,Rocker Bogie,40.0,1.6,1.6,,11.1972,586891.2474,0.131,1.0979,0,62.9085
571,Rocker Bogie,50.0,1.6,1.6,,10.198,340907.8914,0.08,0.7391,0,37.7236
572,Rocker Bogie,60.0,1.6,1.6,,9.8734,377942.8252,0.1332,0.69,0,41.3326
573,Rocker Bogie,70.0,1.6,1.6,,10.9464,524271.2592,0.3581,1.0425,0,56.6915
574,Rocker Bogie,80.0,1.6,1.6,,10.9274,608237.7847,0.2007,1.0109,0,64.9501
575,Rocker Bogie,90.0,1.6,1.6,,10.6078,13649949.5804,3.1415,1.2399,0,1371.2443
576,Rocker Bogie,100.0,1.6,1.6,,9.9387,483759.4345,0.1086,0.6589,0,51.8948
577,Torsion,0,0.02,0,,102.9136,44712607553.7102,3.1402,1.5426,1,100000004471294.9
578,Torsion,1.0,0.02,0,,99.9678,75444099390.8437,3.1416,1.4078,1,100000007544443.11
579,Torsion,2.0,0.02,0,,7.0654,135567419212.5679,0.2831,0.2274,1,100000013556744.39
580,Torsion,3.0,0.02,0,,157.2994,29639087095.7821,0.9632,0.4521,1,100000002963956.89
581,Torsion,4.0,0.02,0,,19.1954,123834345841.785,0.226,0.2333,1,100000012383440.67
582,Torsion,5.0,0.02,0,,73.5856,98008786764.46,3.1416,1.5429,1,100000009800904.03
583,Torsion,6.0,0.02,0,,25.568,133923993434.7659,0.2506,0.1871,1,100000013392407.31
584,Torsion,7.0,0.02,0,,113.9691,67129638688.8724,3.1416,1.1635,1,100000006713001.08
585,Torsion,8.0,0.02,0,,116.7739,60008636652.922,3.1416,0.5885,1,100000006000901.31
586,Torsion,9.0,0.02,0,,145.7719,79234559188.3558,3.1416,1.0642,1,100000007923502.6
587,Torsion,10.0,0.02,0,,8.0113,134905260589.2326,0.143,0.1676,1,100000013490528.69
588,Torsion,0,0.04,0,,10.2262,137636149180.0197,0.2306,0.2003,1,100000013763618.28
589,Torsion,1.0,0.04,0,,129.121,64235393203.0211,3.1416,1.0852,1,100000006423581.02
590,Torsion,2.0,0.04,0,,10.5643,123252916852.5354,0.201,0.394,1,100000012325295.27
591,Torsion,3.0,0.04,0,,11.698,115914249732.0784,0.1611,0.2977,1,100000011591428.8
592,Torsion,4.0,0.04,0,,12.3566,136292680536.1836,0.2404,0.233,1,100000013629272.1
593,Torsion,5.0,0.04,0,,107.7613,54940850443.5697,3.1416,1.0074,1,100000005494120.28
594,Torsion,6.0,0.04,0,,50.6531,85528443236.0402,0.8257,1.1497,1,100000008552860.9
595,Torsion,7.0,0.04,0,,17.648,134718818812.8406,0.2386,0.2039,1,100000013471887.48
596,Torsion,8.0,0.04,0,,104.7387,63192911263.4625,3.1416,0.8976,1,100000006319325.38
597,Torsion,9.0,0.04,0,,126.1768,64095569059.1494,3.1416,1.0824,1,100000006409597.72
598,Torsion,10.0,0.04,0,,135.3278,30411144362.9186,3.1416,1.5376,1,100000003041158.31
599,Torsion,0,0.06,0,,109.9368,78293676795.4517,3.1416,1.2837,1,100000007829403.77
600,Torsion,1.0,0.06,0,,127.607,62870270725.3903,3.1416,1.0071,1,100000006287068.27
601,Torsion,2.0,0.06,0,,7.6743,137272673541.7538,0.2769,0.3061,1,100000013727270.06
602,Torsion,3.0,0.06,0,,135.3804,58506360260.3868,3.1416,1.4904,1,100000005850679.88
603,Torsion,4.0,0.06,0,,7.4975,135947447676.1532,0.2112,0.1569,1,100000013594747.28
604,Torsion,5.0,0.06,0,,171.2747,64525698858.5108,3.1416,1.4298,0,6452624.4682
605,Torsion,6.0,0.06,0,,143.6775,53460448055.4656,3.1416,0.838,1,100000005346090.69
606,Torsion,7.0,0.06,0,,115.0412,108996446529.7056,3.1416,0.5006,1,100000010899681.72
607,Torsion,8.0,0.06,0,,192.9172,47051773029.6079,3.1414,1.4282,1,100000004705238.38
608,Torsion,9.0,0.06,0,,74.8753,59841112872.4126,3.1416,1.4053,1,100000005984136.94
609,Torsion,10.0,0.06,0,,20.7152,133802073500.0592,0.1994,0.2494,1,100000013380213.88
610,Torsion,0,0.08,0,,109.6036,46304807245.0429,3.1416,1.4332,1,100000004630516.81
611,Torsion,1.0,0.08,0,,6.3693,118183995703.5012,0.1245,0.1516,1,100000011818401.67
612,Torsion,2.0,0.08,0,,9.5859,128165026018.5591,0.1056,0.1966,1,100000012816505.69
613,Torsion,3.0,0.08,0,,142.7853,44678038070.4452,3.1415,1.513,1,100000004467849.9
614,Torsion,4.0,0.08,0,,98.5886,67471428830.2002,3.1416,1.3065,1,100000006747175.58
615,Torsion,5.0,0.08,0,,116.5468,78718223357.5374,3.1416,0.9122,1,100000007871860.14
616,Torsion,6.0,0.08,0,,143.6885,56046385803.6791,3.1416,1.1532,1,100000005604684.69
617,Torsion,7.0,0.08,0,,22.0774,124370007373.2161,0.242,0.3901,1,100000012437007.8
618,Torsion,8.0,0.08,0,,169.1316,50860127221.5716,3.1409,1.4856,1,100000005086066.7
619,Torsion,9.0,0.08,0,,88.7455,56741996748.3104,0.3855,0.465,1,100000005674226.89
620,Torsion,10.0,0.08,0,,24.6769,122709184111.8456,0.2519,0.2645,1,100000012270926.17
621,Torsion,0,0.1,0,,27.9451,102709655027.2209,0.2613,0.203,1,100000010270974.22
622,Torsion,1.0,0.1,0,,12.1316,120272002272.9835,0.2176,0.237,1,100000012027204.19
623,Torsion,2.0,0.1,0,,6.4793,137226251491.5648,0.1996,0.172,1,100000013722627.36
624,Torsion,3.0,0.1,0,,100.5059,80648519703.9907,0.8357,0.8666,1,100000008064883.31
625,Torsion,4.0,0.1,0,,6.664,105443183072.4682,0.1099,0.1558,1,100000010544320.5
626,Torsion,5.0,0.1,0,,178.3748,60647887368.811,0.9815,0.5525,1,100000006064843.33
627,Torsion,6.0,0.1,0,,99.1788,60878859567.5025,3.1416,0.8332,1,100000006087918.5
628,Torsion,7.0,0.1,0,,9.0004,136177027526.5314,0.1668,0.1774,1,100000013617705.69
629,Torsion,8.0,0.1,0,,19.5163,134076632351.1608,0.2234,0.2472,1,100000013407669.42
630,Torsion,9.0,0.1,0,,84.7862,74218640637.2304,0.3702,0.446,1,100000007421890.08
631,Torsion,10.0,0.1,0,,18.3536,133962497664.0402,0.2135,0.203,1,100000013396255.56
632,Torsion,0,0.12,0,,7.5604,137584055347.9586,0.0913,0.1181,1,100000013758407.95
633,Torsion,1.0,0.12,0,,8.5095,124304367185.296,0.0963,0.2518,1,100000012430439.52
634,Torsion,2.0,0.12,0,,104.8029,84879988163.3758,3.1416,0.8292,1,100000008488033.03
635,Torsion,3.0,0.12,0,,71.7863,62178246726.3732,3.1416,0.2575,1,100000006217848.6
636,Torsion,4.0,0.12,0,,9.2002,99906298252.593,0.1487,0.271,1,100000009990632.88
637,Torsion,5.0,0.12,0,,88.8878,153238451588.1679,3.1416,0.9626,1,100000015323874.7
638,Torsion,6.0,0.12,0,,59.9253,72704042992.2116,0.3198,0.8257,1,100000007270423.08
639,Torsion,7.0,0.12,0,,155.1773,39387088968.2362,3.1416,0.6278,1,100000003938758.1
640,Torsion,8.0,0.12,0,,15.7832,133692177467.2845,0.3865,0.1249,1,100000013369222.84
641,Torsion,9.0,0.12,0,,104.8414,51665430766.9151,3.1416,0.4421,1,100000005166577.03
642,Torsion,10.0,0.12,0,,135.4936,31986861885.2787,3.1416,1.5241,1,100000003198730.11
643,Torsion,0,0.14,0,,6.892,114069052032.9375,0.2494,0.2516,1,100000011406907.62
644,Torsion,1.0,0.14,0,,8.7046,109811688217.412,0.137,0.2809,1,100000010981171.72
645,Torsion,2.0,0.14,0,,9.4617,138976428885.2198,0.1384,0.3251,1,100000013897646.05
646,Torsion,3.0,0.14,0,,12.5143,125775199754.954,0.2599,0.1969,1,100000012577524.05
647,Torsion,4.0,0.14,0,,79.8614,74454560925.4936,3.1416,0.9105,1,100000007445482.89
648,Torsion,5.0,0.14,0,,11.3387,135316175748.6258,0.1396,0.1432,1,100000013531621.17
649,Torsion,6.0,0.14,0,,25.8363,133926198700.5498,0.1388,0.2785,1,100000013392627.9
650,Torsion,7.0,0.14,0,,73.5164,61463254467.4295,0.2626,0.5362,1,100000006146348.06
651,Torsion,8.0,0.14,0,,10.8639,134791475516.5767,0.148,0.2208,1,100000013479151.06
652,Torsion,9.0,0.14,0,,15.0279,134633087016.8231,0.1438,0.1571,1,100000013463313.42
653,Torsion,10.0,0.14,0,,7.1586,135401465957.28,0.1505,0.1044,1,100000013540148.92
654,Torsion,0,0.02,2.0,,8.3426,121591096578.8799,0.1543,0.319,1,100000012159112.48
655,Torsion,1.0,0.02,2.0,,15.5833,130459897461.0857,0.1602,0.4509,1,100000013045994.84
656,Torsion,2.0,0.02,2.0,,123.8474,73893713695.6833,3.1416,1.2183,1,100000007389411.58
657,Torsion,3.0,0.02,2.0,,14.5725,136838181716.3483,0.2284,0.2103,1,100000013683822.84
658,Torsion,4.0,0.02,2.0,,9.5895,128634138748.5516,0.2199,0.1757,1,100000012863417.03
659,Torsion,5.0,0.02,2.0,,142.8322,75199684667.1001,3.1416,0.8374,1,100000007520014.11
660,Torsion,6.0,0.02,2.0,,11.832,132360893148.9194,0.1597,0.1898,1,100000013236093.11
661,Torsion,7.0,0.02,2.0,,134.5169,62808203741.7328,3.1415,1.0228,1,100000006280863.64
662,Torsion,8.0,0.02,2.0,,142.5178,39522664288.9194,0.49,1.0912,1,100000003952310.3
663,Torsion,9.0,0.02,2.0,,226.4671,76922793139.3605,3.1416,1.5656,1,100000007692350.55
664,Torsion,10.0,0.02,2.0,,9.9115,134464292457.1162,0.1349,0.2733,1,100000013446432.5
665,Torsion,0,0.04,2.0,,7.7073,137281507017.9263,0.2238,0.2386,1,100000013728153.34
666,Torsion,1.0,0.04,2.0,,8.1505,133431204460.7228,0.1933,0.2063,1,100000013343123.17
667,Torsion,2.0,0.04,2.0,,13.9108,142443061035.6589,0.2946,0.4156,1,100000014244310.78
668,Torsion,3.0,0.04,2.0,,90.9979,107146663578.9714,0.6886,0.462,1,100000010714694.47
669,Torsion,4.0,0.04,2.0,,85.988,71748590151.0949,0.3424,0.3262,1,100000007174885.28
670,Torsion,5.0,0.04,2.0,,89.6464,94059063635.2091,0.2055,0.7982,1,100000009405933.95
671,Torsion,6.0,0.04,2.0,,45.9822,113201938190.6248,0.2302,0.3571,1,100000011320208.03
672,Torsion,7.0,0.04,2.0,,115.1038,52042110020.6272,3.1416,1.1807,1,100000005204248.56
673,Torsion,8.0,0.04,2.0,,129.2653,72474668663.5402,3.1416,1.426,1,100000007247508.84
674,Torsion,9.0,0.04,2.0,,69.3428,104707881530.1849,0.1622,0.1778,1,100000010470809.19
675,Torsion,10.0,0.04,2.0,,30.4608,31698842660.0549,0.3733,0.2888,1,100000003169893.88
676,Torsion,0,0.06,2.0,,9.0546,139635282815.9748,0.2014,0.3365,1,100000013963531.38
677,Torsion,1.0,0.06,2.0,,103.1423,93239630115.9986,3.1416,0.7768,1,100000009323996.7
678,Torsion,2.0,0.06,2.0,,54.926,124094188323.5006,0.1966,0.419,1,100000012409435.73
679,Torsion,3.0,0.06,2.0,,119.0857,93474360106.3017,0.9835,0.3322,1,100000009347472.66
680,Torsion,4.0,0.06,2.0,,146.3832,37804210345.81,1.8938,0.8942,1,100000003780466.9
681,Torsion,5.0,0.06,2.0,,94.0301,88862054282.4558,3.1416,1.5153,1,100000008886236.89
682,Torsion,6.0,0.06,2.0,,58.236,112974416310.8706,3.1416,0.7513,1,100000011297461.83
683,Torsion,7.0,0.06,2.0,,130.545,49164849456.7837,3.1416,1.2736,1,100000004916527.2
684,Torsion,8.0,0.06,2.0,,90.0832,75714045907.5176,3.1416,1.0669,1,100000007571434.56
685,Torsion,9.0,0.06,2.0,,67.4721,94667760850.5115,0.9768,0.8765,1,100000009466797.62
686,Torsion,10.0,0.06,2.0,,19.1758,133664509267.539,0.2882,0.1428,1,100000013366456.98
687,Torsion,0,0.08,2.0,,140.585,62539469042.6217,3.1415,1.0271,1,100000006253992.0
688,Torsion,1.0,0.08,2.0,,149.3661,58792909744.8083,0.668,0.5574,0,5879336.6421
689,Torsion,2.0,0.08,2.0,,9.9809,139065387024.6444,0.1524,0.2851,1,100000013906542.0
690,Torsion,3.0,0.08,2.0,,6.8499,127542007822.4492,0.1234,0.1674,1,100000012754203.05
691,Torsion,4.0,0.08,2.0,,12.5168,92108277523.6971,0.2568,0.1904,1,100000009210831.83
692,Torsion,5.0,0.08,2.0,,89.1087,80877373281.0835,0.6108,0.545,1,100000008087764.88
693,Torsion,6.0,0.08,2.0,,59.0565,118485275433.4261,0.219,0.2094,1,100000011848545.56
694,Torsion,7.0,0.08,2.0,,17.6604,134134496165.0326,0.2761,0.1419,1,100000013413455.2
695,Torsion,8.0,0.08,2.0,,10.0267,123497611100.8932,0.2174,0.1722,1,100000012349764.39
696,Torsion,9.0,0.08,2.0,,122.6581,55429242661.6232,3.1416,1.3056,1,100000005542964.17
697,Torsion,10.0,0.08,2.0,,15.2318,133623188579.827,0.1867,0.0987,1,100000013362323.62
698,Torsion,0,0.1,2.0,,11.1054,123066737502.3829,0.1509,0.217,1,100000012306677.34
699,Torsion,1.0,0.1,2.0,,5.7025,124572871909.3058,0.1012,0.1168,1,100000012457289.05
700,Torsion,2.0,0.1,2.0,,121.3318,64637443622.2366,3.1416,1.53,1,100000006463784.03
701,Torsion,3.0,0.1,2.0,,10.4701,125767404183.6504,0.1263,0.1789,1,100000012576743.77
702,Torsion,4.0,0.1,2.0,,121.0971,67281156745.002,3.1416,0.7649,1,100000006728154.73
703,Torsion,5.0,0.1,2.0,,7.1811,115948439149.5745,0.1168,0.1317,1,100000011594846.25
704,Torsion,6.0,0.1,2.0,,6.0442,133032926956.295,0.2579,0.3022,1,100000013303294.9
705,Torsion,7.0,0.1,2.0,,65.9461,124335172359.8723,0.3762,0.5158,1,100000012433537.64
706,Torsion,8.0,0.1,2.0,,70.0599,88595829336.9084,3.1416,0.3691,1,100000008859606.4
707,Torsion,9.0,0.1,2.0,,8.1488,135002658534.6988,0.178,0.1011,1,100000013500268.5
708,Torsion,10.0,0.1,2.0,,129.989,41027654185.1498,3.1416,1.4864,1,100000004102807.66
709,Torsion,0,0.12,2.0,,127.0219,75613957941.146,3.1416,1.3817,1,100000007561437.06
710,Torsion,1.0,0.12,2.0,,168.0052,52437404095.2674,3.1406,1.2102,1,100000005243793.86
711,Torsion,2.0,0.12,2.0,,159.3347,57328962367.1062,3.1416,1.0208,1,100000005732946.95
712,Torsion,3.0,0.12,2.0,,7.6561,137668857349.9648,0.2141,0.144,1,100000013766888.28
713,Torsion,4.0,0.12,2.0,,6.3593,122261713405.2754,0.1245,0.0802,1,100000012226173.39
714,Torsion,5.0,0.12,2.0,,154.1551,48189167756.6766,3.1416,0.8921,1,100000004818965.84
715,Torsion,6.0,0.12,2.0,,138.9698,34861622439.9757,3.1414,0.9744,1,100000003486206.81
716,Torsion,7.0,0.12,2.0,,92.0737,97923085376.4464,0.9265,0.7452,1,100000009792337.33
717,Torsion,8.0,0.12,2.0,,117.6978,66300994803.785,3.1416,1.5554,1,100000006630138.08
718,Torsion,9.0,0.12,2.0,,68.5366,78410125443.505,0.1446,0.9889,1,100000007841033.9
719,Torsion,10.0,0.12,2.0,,17.4919,133188970281.7625,0.1772,0.1354,1,100000013318902.5
720,Torsion,0,0.14,2.0,,8.2641,121328044044.0033,0.1131,0.2138,1,100000012132807.11
721,Torsion,1.0,0.14,2.0,,121.7341,78581798619.1448,3.1416,0.5412,1,100000007858218.95
722,Torsion,2.0,0.14,2.0,,126.5708,64067522775.9628,3.1416,1.3914,1,100000006406793.42
723,Torsion,3.0,0.14,2.0,,8.761,138369191780.8344,0.181,0.271,1,100000013836922.12
724,Torsion,4.0,0.14,2.0,,6.4377,124406981592.2832,0.0904,0.094,1,100000012440700.22
725,Torsion,5.0,0.14,2.0,,12.4571,135110718095.6224,0.1476,0.1724,1,100000013511075.77
726,Torsion,6.0,0.14,2.0,,8.9694,122896892850.6108,0.1387,0.1563,1,100000012289692.19
727,Torsion,7.0,0.14,2.0,,89.4814,91850722613.2355,0.7698,0.7065,1,100000009185100.14
728,Torsion,8.0,0.14,2.0,,11.4421,134942142830.2718,0.1282,0.1835,1,100000013494217.94
729,Torsion,9.0,0.14,2.0,,6.3067,135256010184.8368,0.1473,0.1499,1,100000013525603.12
730,Torsion,10.0,0.14,2.0,,8.3454,137118947908.744,0.1338,0.1237,1,100000013711897.47
731,Torsion,0,0.02,4.0,,241.6517,112273224377.5445,3.1413,1.5129,1,100000011227398.19
732,Torsion,1.0,0.02,4.0,,202.5155,120610304150.3098,3.1412,1.516,1,100000012061094.42
733,Torsion,2.0,0.02,4.0,,132.3274,76548717699.4731,3.1416,1.291,1,100000007654914.58
734,Torsion,3.0,0.02,4.0,,98.9979,162901473304.8213,3.1416,1.3499,1,100000016290180.17
735,Torsion,4.0,0.02,4.0,,20.8676,119160652235.0538,0.2032,0.4872,1,100000011916071.97
736,Torsion,5.0,0.02,4.0,,7.8289,120568268346.3372,0.1678,0.2072,1,100000012056829.45
737,Torsion,6.0,0.02,4.0,,160.1659,33151937895.0174,0.9938,0.7707,1,100000003315243.08
738,Torsion,7.0,0.02,4.0,,122.5176,49327985753.9936,3.1416,0.5449,1,100000004932837.9
739,Torsion,8.0,0.02,4.0,,196.7315,40702798609.2237,3.1416,1.4772,1,100000004070342.11
740,Torsion,9.0,0.02,4.0,,175.324,48738831746.5672,0.9777,0.7013,1,100000004873936.95
741,Torsion,10.0,0.02,4.0,,17.7574,136783100704.563,0.1518,0.2211,1,100000013678315.66
742,Torsion,0,0.04,4.0,,16.9899,87658249914.1826,1.2055,1.1133,1,100000008765831.72
743,Torsion,1.0,0.04,4.0,,8.9801,129336328827.112,0.1016,0.1708,1,100000012933635.77
744,Torsion,2.0,0.04,4.0,,57.6594,125188696250.1865,0.3876,0.6478,1,100000012518887.64
745,Torsion,3.0,0.04,4.0,,173.1037,101064118541.2044,3.1416,0.8469,1,100000010106466.58
746,Torsion,4.0,0.04,4.0,,77.041,103756718051.7548,3.1416,0.166,1,100000010375697.23
747,Torsion,5.0,0.04,4.0,,191.8856,57987357210.8112,3.1416,1.5566,1,100000005798796.58
748,Torsion,6.0,0.04,4.0,,152.4217,71197754013.7381,3.1416,1.4112,1,100000007119824.31
749,Torsion,7.0,0.04,4.0,,186.3571,81302394397.7881,3.1416,1.4945,1,100000008130298.6
750,Torsion,8.0,0.04,4.0,,124.7497,132260994578.7211,3.1416,0.4226,1,100000013226139.38
751,Torsion,9.0,0.04,4.0,,117.5329,64810865299.8238,3.1416,1.4341,1,100000006481125.0
752,Torsion,10.0,0.04,4.0,,18.0874,79383619725.8528,0.2506,0.7952,1,100000007938368.12
753,Torsion,0,0.06,4.0,,11.8202,136884471748.1133,0.1787,0.3646,1,100000013688451.1
754,Torsion,1.0,0.06,4.0,,105.9596,83173117533.0539,3.1416,1.3501,1,100000008317346.69
755,Torsion,2.0,0.06,4.0,,9.9264,117070083069.8742,0.2321,0.2425,1,100000011707011.61
756,Torsion,3.0,0.06,4.0,,112.7673,78830522687.7465,3.1416,1.4791,1,100000007883089.33
757,Torsion,4.0,0.06,4.0,,131.9994,81319261947.4732,3.1416,1.172,1,100000008131968.81
758,Torsion,5.0,0.06,4.0,,66.4217,82928441872.2331,0.3477,0.7689,1,100000008292864.89
759,Torsion,6.0,0.06,4.0,,18.8851,136008211794.904,0.3942,0.4792,1,100000013600827.45
760,Torsion,7.0,0.06,4.0,,163.5375,54153119253.5971,3.1416,1.2106,1,100000005415364.03
761,Torsion,8.0,0.06,4.0,,7.7511,136575185009.3136,0.2061,0.4277,1,100000013657521.27
762,Torsion,9.0,0.06,4.0,,87.5646,95043835453.5125,0.9203,1.1118,1,100000009504411.23
763,Torsion,10.0,0.06,4.0,,9.3148,135076892776.6113,0.1704,0.2214,1,100000013507692.34
764,Torsion,0,0.08,4.0,,15.3484,124513276324.8227,0.1414,0.3565,1,100000012451332.58
765,Torsion,1.0,0.08,4.0,,114.1638,71106903296.1856,3.1416,0.8082,1,100000007110727.34
766,Torsion,2.0,0.08,4.0,,154.0661,60400412257.9722,3.1416,1.0907,1,100000006040090.4
767,Torsion,3.0,0.08,4.0,,14.8649,107638295325.031,0.5961,0.4285,1,100000010763834.7
768,Torsion,4.0,0.08,4.0,,13.9385,120492107259.1449,0.1878,0.1714,0,12049215.1589
769,Torsion,5.0,0.08,4.0,,150.4574,55552197218.6376,3.1416,1.2619,1,100000005555267.94
770,Torsion,6.0,0.08,4.0,,82.9735,171561254505.9455,3.1416,1.2662,1,100000017156153.42
771,Torsion,7.0,0.08,4.0,,52.0357,136121576844.9539,3.1416,1.5507,1,100000013612176.58
772,Torsion,8.0,0.08,4.0,,131.2888,73647685493.515,3.1416,1.4396,1,100000007364811.14
773,Torsion,9.0,0.08,4.0,,7.4738,135000040110.7612,0.1922,0.1062,1,100000013500006.47
774,Torsion,10.0,0.08,4.0,,14.283,134635413892.524,0.2821,0.1536,1,100000013463545.98
775,Torsion,0,0.1,4.0,,6.5657,131425866227.2272,0.0969,0.1072,1,100000013142588.73
776,Torsion,1.0,0.1,4.0,,12.8335,92294479955.4022,0.3355,0.3194,1,100000009229452.3
777,Torsion,2.0,0.1,4.0,,7.9302,120307987177.0722,0.1362,0.2885,1,100000012030801.39
778,Torsion,3.0,0.1,4.0,,28.5418,115834006696.9897,0.2459,0.1937,1,100000011583409.55
779,Torsion,4.0,0.1,4.0,,7.8727,136585928469.2596,0.1893,0.2096,1,100000013658595.48
780,Torsion,5.0,0.1,4.0,,8.0661,136754972082.0503,0.2281,0.1969,1,100000013675499.92
781,Torsion,6.0,0.1,4.0,,11.0738,124155905629.6967,0.1305,0.1414,1,100000012415594.08
782,Torsion,7.0,0.1,4.0,,7.2655,135198282450.3408,0.1441,0.1666,1,100000013519830.64
783,Torsion,8.0,0.1,4.0,,8.302,134882613569.6695,0.2841,0.3631,1,100000013488264.3
784,Torsion,9.0,0.1,4.0,,6.6288,134906935560.1603,0.1453,0.1332,1,100000013490695.73
785,Torsion,10.0,0.1,4.0,,89.3191,76308771701.8845,3.1416,1.2279,1,100000007630907.03
786,Torsion,0,0.12,4.0,,8.2609,119996743498.4267,0.1354,0.1023,1,100000011999677.0
787,Torsion,1.0,0.12,4.0,,129.909,65224876041.7912,3.1414,1.5384,1,100000006522529.86
788,Torsion,2.0,0.12,4.0,,6.4937,110314905635.5305,0.0922,0.1555,1,100000011031492.69
789,Torsion,3.0,0.12,4.0,,116.5364,66326552584.8872,3.1412,0.9096,1,100000006632693.06
790,Torsion,4.0,0.12,4.0,,114.3552,63512260578.0642,3.1411,0.6923,1,100000006351263.05
791,Torsion,5.0,0.12,4.0,,16.5416,125909881241.7382,0.2894,0.4298,1,100000012590993.6
792,Torsion,6.0,0.12,4.0,,111.455,92275369249.5377,0.5133,0.6201,1,100000009227571.16
793,Torsion,7.0,0.12,4.0,,33.9329,121860178110.4872,0.1708,0.1724,1,100000012186028.23
794,Torsion,8.0,0.12,4.0,,78.4828,78288705570.2629,3.1416,1.2184,1,100000007828897.16
795,Torsion,9.0,0.12,4.0,,11.5389,137083641492.6618,0.1764,0.1546,1,100000013708367.84
796,Torsion,10.0,0.12,4.0,,43.174,123691889511.1914,0.6279,0.2713,1,100000012369202.53
797,Torsion,0,0.14,4.0,,7.7835,123719043689.6112,0.0896,0.1009,1,100000012371906.84
798,Torsion,1.0,0.14,4.0,,105.0209,112116348910.1677,3.1416,1.2738,1,100000011211669.48
799,Torsion,2.0,0.14,4.0,,142.5307,84312154022.7458,3.1414,1.388,0,8431261.3321
800,Torsion,3.0,0.14,4.0,,97.0066,98373840528.4192,3.1409,0.2699,1,100000009837415.55
801,Torsion,4.0,0.14,4.0,,78.2989,78870902868.5245,1.386,0.5016,1,100000007887115.1
802,Torsion,5.0,0.14,4.0,,15.6552,102619122819.7477,0.3306,0.1419,1,100000010261917.31
803,Torsion,6.0,0.14,4.0,,7.6781,135668350566.9889,0.1293,0.1558,1,100000013566837.56
804,Torsion,7.0,0.14,4.0,,15.0167,134635101135.9933,0.1591,0.1797,1,100000013463514.86
805,Torsion,8.0,0.14,4.0,,12.7548,135386765383.2917,0.1204,0.0817,1,100000013538680.5
806,Torsion,9.0,0.14,4.0,,6.4583,135181869943.8449,0.1328,0.1443,1,100000013518189.12
807,Torsion,10.0,0.14,4.0,,15.3162,134114118411.3262,0.144,0.2344,1,100000013411416.7
808,Torsion,0,0.02,6.0,,8.5353,136968840242.8161,0.2101,0.3933,1,100000013696887.0
809,Torsion,1.0,0.02,6.0,,7.593,121224400458.5226,0.1741,0.2182,1,100000012122442.6
810,Torsion,2.0,0.02,6.0,,12.7987,137732275862.0565,0.2482,0.3426,1,100000013773231.84
811,Torsion,3.0,0.02,6.0,,75.3223,121795076925.8119,0.585,0.7521,1,100000012179531.22
812,Torsion,4.0,0.02,6.0,,88.76,102853535098.7771,3.1416,0.3382,1,100000010285382.58
813,Torsion,5.0,0.02,6.0,,7.6458,136529007531.8638,0.1703,0.2385,1,100000013652903.33
814,Torsion,6.0,0.02,6.0,,82.7991,78971244853.8531,0.4215,0.4284,1,100000007897149.92
815,Torsion,7.0,0.02,6.0,,12.8079,124349804439.7259,0.1626,0.1838,1,100000012434984.53
816,Torsion,8.0,0.02,6.0,,141.0242,61860207266.4592,3.1416,0.7801,1,100000006186065.78
817,Torsion,9.0,0.02,6.0,,41.4356,116142164837.5741,0.3095,0.2671,1,100000011614229.31
818,Torsion,10.0,0.02,6.0,,16.8946,133970638513.3119,0.1395,0.1439,1,100000013397069.12
819,Torsion,0,0.04,6.0,,16.961,136513600234.411,0.259,0.1942,1,100000013651365.42
820,Torsion,1.0,0.04,6.0,,22.6885,107255370899.1154,0.2519,0.7091,1,100000010725544.56
821,Torsion,2.0,0.04,6.0,,49.6764,121903462651.6322,0.6806,0.6268,1,100000012190362.08
822,Torsion,3.0,0.04,6.0,,47.6721,122231783741.068,3.1416,0.9601,1,100000012223195.55
823,Torsion,4.0,0.04,6.0,,47.7464,115141239457.2132,0.2423,0.278,1,100000011514138.64
824,Torsion,5.0,0.04,6.0,,12.878,120977983394.5425,0.2718,0.3214,1,100000012097802.62
825,Torsion,6.0,0.04,6.0,,151.453,67552722635.2386,3.1416,1.5087,1,100000006755320.95
826,Torsion,7.0,0.04,6.0,,139.1639,67963642641.4684,3.1416,1.407,1,100000006796409.2
827,Torsion,8.0,0.04,6.0,,130.112,62794909275.5888,3.1416,1.0785,1,100000006279532.92
828,Torsion,9.0,0.04,6.0,,94.9167,82635248074.4864,0.5438,0.562,1,100000008263554.06
829,Torsion,10.0,0.04,6.0,,15.2416,133503156929.0596,0.1407,0.1746,1,100000013350320.48
830,Torsion,0,0.06,6.0,,10.8421,122928252392.0933,0.1084,0.1211,1,100000012292828.66
831,Torsion,1.0,0.06,6.0,,22.0171,134468731839.6486,0.2444,0.2938,1,100000013446880.17
832,Torsion,2.0,0.06,6.0,,109.3391,99748626272.3585,1.7472,1.3282,1,100000009974897.58
833,Torsion,3.0,0.06,6.0,,174.6831,61573870770.077,3.1416,1.4716,1,100000006157442.72
834,Torsion,4.0,0.06,6.0,,31.0307,116608844278.9832,0.126,0.1898,1,100000011660893.95
835,Torsion,5.0,0.06,6.0,,25.2457,117928788439.5658,0.2775,0.3134,1,100000011792886.83
836,Torsion,6.0,0.06,6.0,,176.8458,74795749776.3653,3.1416,1.5144,1,100000007479631.3
837,Torsion,7.0,0.06,6.0,,6.7834,135051296043.7269,0.1786,0.1339,1,100000013505131.86
838,Torsion,8.0,0.06,6.0,,12.568,134980000875.8346,0.1592,0.1323,1,100000013498004.06
839,Torsion,9.0,0.06,6.0,,123.388,65413098190.913,3.1416,1.5192,1,100000006541350.1
840,Torsion,10.0,0.06,6.0,,98.9534,82475333537.8373,3.1416,1.4441,1,100000008247566.25
841,Torsion,0,0.08,6.0,,9.5159,136644589474.2184,0.1526,0.2108,1,100000013664462.06
842,Torsion,1.0,0.08,6.0,,107.3828,82533939193.2283,2.8436,1.303,1,100000008253429.03
843,Torsion,2.0,0.08,6.0,,12.9658,118091881056.4128,0.1469,0.2427,1,100000011809192.27
844,Torsion,3.0,0.08,6.0,,40.8484,115152577792.3658,0.1393,0.2155,1,100000011515270.28
845,Torsion,4.0,0.08,6.0,,136.5314,74679018602.2749,3.1416,1.1741,1,100000007467945.84
846,Torsion,5.0,0.08,6.0,,149.5735,57066120357.1212,3.1416,1.2074,1,100000005706659.95
847,Torsion,6.0,0.08,6.0,,189.9233,55091303009.8289,3.1416,0.8896,1,100000005509190.1
848,Torsion,7.0,0.08,6.0,,171.5082,45252881680.9836,3.1416,0.8736,1,100000004525342.44
849,Torsion,8.0,0.08,6.0,,94.3361,156779974434.7944,3.1416,1.3574,1,100000015678028.89
850,Torsion,9.0,0.08,6.0,,101.4344,72857583516.2166,3.1416,0.2549,1,100000007285791.16
851,Torsion,10.0,0.08,6.0,,8.2392,134751533565.5,0.1642,0.0973,1,100000013475156.02
852,Torsion,0,0.1,6.0,,6.6251,122278752303.9586,0.0859,0.2185,1,100000012227877.44
853,Torsion,1.0,0.1,6.0,,113.0628,130812755072.7236,3.1416,1.2395,1,100000013081312.5
854,Torsion,2.0,0.1,6.0,,66.1636,116675876518.6352,0.7325,0.5102,1,100000011667608.38
855,Torsion,3.0,0.1,6.0,,11.2742,115666254392.7578,0.1359,0.2001,1,100000011566629.06
856,Torsion,4.0,0.1,6.0,,6.3749,122905318357.8987,0.125,0.19,1,100000012290533.97
857,Torsion,5.0,0.1,6.0,,114.3132,70940533784.367,0.8579,0.8075,1,100000007094088.84
858,Torsion,6.0,0.1,6.0,,20.6554,131561726523.9456,0.3595,0.2483,1,100000013156179.28
859,Torsion,7.0,0.1,6.0,,165.1461,76705493262.5208,3.1416,1.0137,1,100000007670601.78
860,Torsion,8.0,0.1,6.0,,103.7918,50283876512.4182,0.4928,1.3568,1,100000005028420.08
861,Torsion,9.0,0.1,6.0,,7.9426,134739379706.819,0.1801,0.1866,1,100000013473940.61
862,Torsion,10.0,0.1,6.0,,105.5021,59377037483.8954,0.366,0.4973,1,100000005937736.0
863,Torsion,0,0.12,6.0,,7.1037,122375871939.488,0.0928,0.2162,1,100000012237589.55
864,Torsion,1.0,0.12,6.0,,159.2449,76672217995.7822,3.1415,1.3324,1,100000007667272.7
865,Torsion,2.0,0.12,6.0,,7.9198,130182517792.7584,0.1651,0.3799,1,100000013018254.53
866,Torsion,3.0,0.12,6.0,,8.1832,137109396746.4357,0.1376,0.1107,1,100000013710942.3
867,Torsion,4.0,0.12,6.0,,6.3,122901233825.2448,0.1326,0.058,1,100000012290125.4
868,Torsion,5.0,0.12,6.0,,143.8794,73430866321.5877,3.1415,1.3368,1,100000007343132.94
869,Torsion,6.0,0.12,6.0,,70.1675,100491234357.8526,0.3638,0.5079,1,100000010049145.1
870,Torsion,7.0,0.12,6.0,,147.1395,65377907674.3892,3.1416,1.199,1,100000006537837.95
871,Torsion,8.0,0.12,6.0,,100.5044,84147300505.4392,3.1416,0.6055,1,100000008414762.83
872,Torsion,9.0,0.12,6.0,,80.7485,103368389363.5843,0.7024,0.4205,1,100000010336863.95
873,Torsion,10.0,0.12,6.0,,158.4057,65879934966.8175,3.1416,0.8687,1,100000006588043.83
874,Torsion,0,0.14,6.0,,9.1953,132075146354.1796,0.1043,0.1986,1,100000013207517.61
875,Torsion,1.0,0.14,6.0,,35.414,116316209888.6515,0.1081,0.3388,1,100000011631631.92
876,Torsion,2.0,0.14,6.0,,7.8087,128915848132.7018,0.1194,0.2232,1,100000012891587.39
877,Torsion,3.0,0.14,6.0,,9.4411,90146020600.7788,0.1526,0.1464,1,100000009014605.11
878,Torsion,4.0,0.14,6.0,,9.8524,107297557316.2828,0.125,0.0884,1,100000010729758.84
879,Torsion,5.0,0.14,6.0,,11.3299,135090227741.2241,0.1503,0.1354,1,100000013509026.38
880,Torsion,6.0,0.14,6.0,,27.9904,134367866175.1518,0.7373,0.5382,1,100000013436795.9
881,Torsion,7.0,0.14,6.0,,10.0398,135553194183.1916,0.1278,0.0872,1,100000013555322.58
882,Torsion,8.0,0.14,6.0,,130.7101,72120260038.0015,0.6684,1.0594,1,100000007212066.42
883,Torsion,9.0,0.14,6.0,,33.8327,108891946023.4773,0.3842,0.1591,1,100000010889205.12
884,Torsion,10.0,0.14,6.0,,161.5323,122559017726.1105,1.072,0.5498,1,100000012255951.38
885,Torsion,0,0.02,8.0,,10.314,108871245949.6549,0.4111,0.2515,1,100000010887128.16
886,Torsion,1.0,0.02,8.0,,190.5468,69150217378.9136,3.1416,1.0286,1,100000006915081.83
887,Torsion,2.0,0.02,8.0,,6.6602,137444943478.7613,0.1424,0.2026,1,100000013744496.6
888,Torsion,3.0,0.02,8.0,,20.5131,135053765987.155,0.1486,0.1907,1,100000013505382.98
889,Torsion,4.0,0.02,8.0,,7.4337,120782651668.5534,0.2667,0.275,1,100000012078267.78
890,Torsion,5.0,0.02,8.0,,17.6755,99533750716.7664,0.3113,0.3035,1,100000009953380.8
891,Torsion,6.0,0.02,8.0,,116.9738,77073765051.0037,3.1416,1.3965,1,100000007707414.78
892,Torsion,7.0,0.02,8.0,,136.4035,82455670383.5906,3.1416,1.2552,1,100000008245611.03
893,Torsion,8.0,0.02,8.0,,117.447,144814125523.7,3.1416,1.1769,1,100000014481450.81
894,Torsion,9.0,0.02,8.0,,151.2846,45941452711.9425,0.7777,1.2574,1,100000004594192.08
895,Torsion,10.0,0.02,8.0,,14.6333,134130624653.6742,0.2583,0.3398,1,100000013413067.28
896,Torsion,0,0.04,8.0,,20.3646,139661102203.0502,0.5279,0.7561,1,100000013966117.23
897,Torsion,1.0,0.04,8.0,,9.949,118669836258.0805,0.1688,0.3191,1,100000011866986.95
898,Torsion,2.0,0.04,8.0,,9.8511,122223695323.2431,0.2941,0.2228,1,100000012222372.84
899,Torsion,3.0,0.04,8.0,,202.5102,72064289461.5988,3.1407,0.6208,1,100000007206492.33
900,Torsion,4.0,0.04,8.0,,8.9798,124794002191.7784,0.4027,0.1006,1,100000012479403.27
901,Torsion,5.0,0.04,8.0,,33.2812,102546654507.5686,0.4971,0.2267,1,100000010254675.94
902,Torsion,6.0,0.04,8.0,,75.6549,107820421019.9093,0.5324,0.2522,1,100000010782065.34
903,Torsion,7.0,0.04,8.0,,147.5653,66013006567.626,0.2694,0.6882,1,100000006601345.6
904,Torsion,8.0,0.04,8.0,,80.6965,111010809064.7735,0.6965,0.778,1,100000011101106.14
905,Torsion,9.0,0.04,8.0,,151.9458,63257589558.7107,3.1416,0.7338,1,100000006325807.25
906,Torsion,10.0,0.04,8.0,,14.3463,133888372838.4794,0.228,0.2355,1,100000013388841.9
907,Torsion,0,0.06,8.0,,6.3336,124736389685.5756,0.0889,0.1134,1,100000012473641.02
908,Torsion,1.0,0.06,8.0,,217.7005,77337719922.7376,3.1416,0.9427,1,100000007733840.16
909,Torsion,2.0,0.06,8.0,,7.7917,136931602121.0932,0.2014,0.3598,1,100000013693162.94
910,Torsion,3.0,0.06,8.0,,31.0543,113202497505.6881,0.3216,0.3578,1,100000011320259.55
911,Torsion,4.0,0.06,8.0,,17.581,123058756884.0834,0.3742,0.4049,1,100000012305881.52
912,Torsion,5.0,0.06,8.0,,129.222,82725856814.3358,0.4138,0.7929,1,100000008272625.3
913,Torsion,6.0,0.06,8.0,,147.6741,94554641706.3234,3.1403,1.0542,1,100000009455511.4
914,Torsion,7.0,0.06,8.0,,10.5549,135663415772.9523,0.2469,0.1864,1,100000013566345.05
915,Torsion,8.0,0.06,8.0,,111.2708,75043705300.419,3.1416,0.9964,1,100000007504406.81
916,Torsion,9.0,0.06,8.0,,81.3311,100395583291.3547,0.5265,0.5824,1,100000010039583.5
917,Torsion,10.0,0.06,8.0,,86.7806,89142585097.7024,0.5862,1.0216,1,100000008914285.67
918,Torsion,0,0.08,8.0,,9.1424,132317644648.5461,0.1976,0.2951,1,100000013231767.55
919,Torsion,1.0,0.08,8.0,,13.5457,120092610957.7607,0.1209,0.2656,1,100000012009265.44
920,Torsion,2.0,0.08,8.0,,6.8926,136407902527.8337,0.1373,0.221,1,100000013640792.58
921,Torsion,3.0,0.08,8.0,,45.4096,125834415031.5081,0.2979,0.525,1,100000012583455.7
922,Torsion,4.0,0.08,8.0,,125.6326,93701363933.0078,0.2782,0.5983,1,100000009370174.7
923,Torsion,5.0,0.08,8.0,,16.3002,105605825968.5454,0.2335,0.3569,1,100000010560587.9
924,Torsion,6.0,0.08,8.0,,123.9913,87640346890.0692,3.1416,1.3378,1,100000008764075.02
925,Torsion,7.0,0.08,8.0,,8.5816,135024813219.3902,0.2309,0.0958,1,100000013502484.12
926,Torsion,8.0,0.08,8.0,,115.9875,75332638127.9636,0.4138,0.4448,1,100000007533299.2
927,Torsion,9.0,0.08,8.0,,43.4034,122915345755.5265,0.5938,0.4647,1,100000012291548.34
928,Torsion,10.0,0.08,8.0,,19.0345,133477366379.0652,0.3277,0.3558,1,100000013347742.83
929,Torsion,0,0.1,8.0,,8.4611,129360628073.3624,0.1249,0.4016,1,100000012936065.72
930,Torsion,1.0,0.1,8.0,,7.6252,137408385629.862,0.1372,0.1758,1,100000013740841.06
931,Torsion,2.0,0.1,8.0,,6.0986,110273189324.4753,0.1189,0.2133,1,100000011027321.0
932,Torsion,3.0,0.1,8.0,,124.6755,97565521070.4427,3.1416,0.4788,1,100000009756592.05
933,Torsion,4.0,0.1,8.0,,20.4226,98473893063.6101,0.2358,0.11,1,100000009847395.67
934,Torsion,5.0,0.1,8.0,,12.4407,124668056632.3268,0.2617,0.1936,1,100000012466809.72
935,Torsion,6.0,0.1,8.0,,106.1219,75789984772.0822,3.1407,1.0581,1,100000007579033.25
936,Torsion,7.0,0.1,8.0,,112.1943,65557193007.5154,0.2414,0.2922,1,100000006555753.33
937,Torsion,8.0,0.1,8.0,,59.298,115292101144.0966,3.1416,0.479,1,100000011529230.44
938,Torsion,9.0,0.1,8.0,,134.6032,66710970630.3519,3.1416,1.2553,1,100000006671140.52
939,Torsion,10.0,0.1,8.0,,40.8767,51001315344.2689,0.3741,0.5076,1,100000005100144.42
940,Torsion,0,0.12,8.0,,5.8896,129731574772.8074,0.0922,0.18,1,100000012973159.44
941,Torsion,1.0,0.12,8.0,,7.6045,123933447277.3496,0.0961,0.2328,1,100000012393347.23
942,Torsion,2.0,0.12,8.0,,48.0112,125489285095.9208,0.1993,0.3357,1,100000012548943.28
943,Torsion,3.0,0.12,8.0,,6.4062,124404501839.4118,0.1041,0.2305,1,100000012440452.34
944,Torsion,4.0,0.12,8.0,,9.2136,107964486148.9184,0.3943,0.1797,1,100000010796451.78
945,Torsion,5.0,0.12,8.0,,116.1156,82705046531.8702,3.1416,0.7247,1,100000008270542.19
946,Torsion,6.0,0.12,8.0,,15.4134,136640877874.1761,0.2329,0.3717,1,100000013664092.83
947,Torsion,7.0,0.12,8.0,,7.4048,136905605210.5264,0.2359,0.1951,1,100000013690563.05
948,Torsion,8.0,0.12,8.0,,75.7862,111860208070.7469,0.4318,0.7318,1,100000011186044.36
949,Torsion,9.0,0.12,8.0,,11.3283,134084898372.2106,0.2541,0.1807,1,100000013408493.55
950,Torsion,10.0,0.12,8.0,,20.242,133973677982.5866,0.3966,0.3831,1,100000013397374.42
951,Torsion,0,0.14,8.0,,8.1338,121844270393.8415,0.0876,0.0913,1,100000012184429.61
952,Torsion,1.0,0.14,8.0,,112.161,85326236141.4049,3.1416,1.0317,1,100000008532660.19
953,Torsion,2.0,0.14,8.0,,8.3075,126900945579.3129,0.0865,0.1621,1,100000012690097.22
954,Torsion,3.0,0.14,8.0,,129.8654,87833917364.3407,3.1416,0.7434,1,100000008783433.42
955,Torsion,4.0,0.14,8.0,,7.5349,100649300119.341,0.2896,0.134,1,100000010064932.56
956,Torsion,5.0,0.14,8.0,,5.2229,135982225119.6869,0.2398,0.1409,1,100000013598224.34
957,Torsion,6.0,0.14,8.0,,11.7491,122634006097.7708,0.1369,0.2031,1,100000012263404.38
958,Torsion,7.0,0.14,8.0,,9.19,136117083752.6738,0.2464,0.1102,1,100000013611711.38
959,Torsion,8.0,0.14,8.0,,11.4524,134536693216.1955,0.138,0.1875,1,100000013453672.98
960,Torsion,9.0,0.14,8.0,,27.2943,131023550494.1027,0.2442,0.1428,1,100000013102363.52
961,Torsion,10.0,0.14,8.0,,7.9706,134782499405.7027,0.1526,0.1634,1,100000013478252.55
962,Torsion,0,0.02,10.0,,92.0459,102139833591.5011,0.9018,0.6757,1,100000010214012.08
963,Torsion,1.0,0.02,10.0,,18.6161,95749237737.4036,0.4177,0.3338,1,100000009574929.89
964,Torsion,2.0,0.02,10.0,,7.8608,137041817904.3855,0.2535,0.2799,1,100000013704184.52
965,Torsion,3.0,0.02,10.0,,11.5462,139291492742.3591,1.233,0.2987,1,100000013929153.81
966,Torsion,4.0,0.02,10.0,,11.2349,127002704052.3837,0.2653,0.2057,1,100000012700274.11
967,Torsion,5.0,0.02,10.0,,12.9816,133993543160.8272,0.1884,0.1311,1,100000013399358.44
968,Torsion,6.0,0.02,10.0,,13.8297,94715556830.4666,0.1259,0.2173,1,100000009471560.08
969,Torsion,7.0,0.02,10.0,,15.4029,93718891366.1152,0.2192,0.3473,1,100000009371894.16
970,Torsion,8.0,0.02,10.0,,43.0708,117546959173.1446,0.3687,0.3658,1,100000011754709.36
971,Torsion,9.0,0.02,10.0,,181.0417,60681567167.834,3.1416,1.2196,1,100000006068214.08
972,Torsion,10.0,0.02,10.0,,174.5313,84431384107.1689,3.1416,1.4574,1,100000008443193.98
973,Torsion,0,0.04,10.0,,129.0747,110582513128.8345,3.1416,0.9903,1,100000011058292.92
974,Torsion,1.0,0.04,10.0,,190.1365,66270650700.3452,3.1408,1.23,1,100000006627125.17
975,Torsion,2.0,0.04,10.0,,17.9982,136251822195.6466,0.3362,0.3191,1,100000013625188.08
976,Torsion,3.0,0.04,10.0,,8.6505,127270290135.578,0.1165,0.1337,1,100000012727031.78
977,Torsion,4.0,0.04,10.0,,284.0,102996388493.4382,3.1409,1.3096,1,100000010299727.17
978,Torsion,5.0,0.04,10.0,,122.3466,68143274870.362,1.157,0.3447,1,100000006814365.25
979,Torsion,6.0,0.04,10.0,,15.0744,130943979458.9118,0.2086,0.2254,1,100000013094402.77
980,Torsion,7.0,0.04,10.0,,182.2757,80345615765.7393,3.1415,1.3373,1,100000008034619.39
981,Torsion,8.0,0.04,10.0,,78.7897,104816572636.1876,3.1415,1.535,1,100000010481684.17
982,Torsion,9.0,0.04,10.0,,9.8966,134357485442.591,0.2085,0.2222,1,100000013435751.81
983,Torsion,10.0,0.04,10.0,,12.0935,134621866829.4952,0.1378,0.1774,1,100000013462190.53
984,Torsion,0,0.06,10.0,,169.703,75132214019.7575,3.1416,0.8732,1,100000007513275.12
985,Torsion,1.0,0.06,10.0,,7.903,137061979097.1386,0.1307,0.323,1,100000013706200.6
986,Torsion,2.0,0.06,10.0,,12.4629,117850907120.9428,0.1281,0.1541,1,100000011785094.66
987,Torsion,3.0,0.06,10.0,,93.8764,72162954026.469,0.3893,0.5793,1,100000007216324.25
988,Torsion,4.0,0.06,10.0,,197.8414,63971665313.14,0.8249,0.6518,0,6397226.9174
989,Torsion,5.0,0.06,10.0,,10.1266,110551747943.4525,0.2279,0.1857,1,100000011055178.12
990,Torsion,6.0,0.06,10.0,,19.1722,124332468962.4345,0.7082,0.2485,1,100000012433253.31
991,Torsion,7.0,0.06,10.0,,19.8616,127505718106.068,0.4173,0.3406,1,100000012750578.3
992,Torsion,8.0,0.06,10.0,,134.5192,73911631245.1151,0.5083,0.3432,1,100000007391204.08
993,Torsion,9.0,0.06,10.0,,9.1521,133852238744.8096,0.2303,0.3366,1,100000013385227.02
994,Torsion,10.0,0.06,10.0,,7.8014,134969046008.1996,0.2221,0.2375,1,100000013496907.27
995,Torsion,0,0.08,10.0,,13.9772,137830347313.0865,3.1416,0.1356,1,100000013783041.22
996,Torsion,1.0,0.08,10.0,,15.8778,132109342471.7968,0.1712,0.3011,1,100000013210939.34
997,Torsion,2.0,0.08,10.0,,7.7201,137572569852.848,0.2438,0.3525,1,100000013757259.72
998,Torsion,3.0,0.08,10.0,,9.8701,117746586151.251,0.2314,0.1745,1,100000011774661.86
999,Torsion,4.0,0.08,10.0,,38.2558,139189324753.2626,0.4363,0.5014,1,100000013918944.61
1000,Torsion,5.0,0.08,10.0,,138.2043,78120472927.7092,3.1415,0.6699,1,100000007812091.42
1001,Torsion,6.0,0.08,10.0,,19.8283,138442413024.7131,0.3584,0.2562,1,100000013844247.69
1002,Torsion,7.0,0.08,10.0,,127.81,70658517466.895,3.1416,1.2331,1,100000007065893.16
1003,Torsion,8.0,0.08,10.0,,127.8971,69791990689.1972,3.1416,0.6,1,100000006979240.06
1004,Torsion,9.0,0.08,10.0,,5.6413,135054007353.5638,0.1496,0.196,1,100000013505402.67
1005,Torsion,10.0,0.08,10.0,,23.1984,133428118261.1074,0.1401,0.1617,1,100000013342819.0
1006,Torsion,0,0.1,10.0,,26.9784,126262201528.5579,0.2946,0.3483,1,100000012626228.7
1007,Torsion,1.0,0.1,10.0,,9.1776,117520805092.7304,0.2045,0.318,1,100000011752083.62
1008,Torsion,2.0,0.1,10.0,,17.3417,130250637029.5648,0.1879,0.1779,1,100000013025069.16
1009,Torsion,3.0,0.1,10.0,,103.3904,75591919763.6053,0.7671,0.3475,1,100000007559223.78
1010,Torsion,4.0,0.1,10.0,,18.5891,134266109319.6531,0.2477,0.7834,1,100000013426617.23
1011,Torsion,5.0,0.1,10.0,,57.997,106040469405.207,3.1416,0.6692,1,100000010604067.0
1012,Torsion,6.0,0.1,10.0,,21.6861,116096176940.5149,0.2813,0.1585,0,11609624.5077
1013,Torsion,7.0,0.1,10.0,,112.978,72828652021.9094,3.1416,0.5273,1,100000007282901.66
1014,Torsion,8.0,0.1,10.0,,223.241,85806124657.5253,3.1416,1.4966,1,100000008580682.69
1015,Torsion,9.0,0.1,10.0,,180.4117,60922344285.1374,3.1416,1.376,1,100000006092291.72
1016,Torsion,10.0,0.1,10.0,,103.1449,88139625579.6312,0.2484,0.2818,1,100000008813993.88
1017,Torsion,0,0.12,10.0,,14.127,126992470639.2121,0.1973,0.278,1,100000012699251.64
1018,Torsion,1.0,0.12,10.0,,8.4523,136350729689.7349,0.1039,0.1921,1,100000013635075.72
1019,Torsion,2.0,0.12,10.0,,10.8722,120877065131.8057,0.1111,0.1752,1,100000012087709.97
1020,Torsion,3.0,0.12,10.0,,140.1804,96507400630.7298,0.6536,0.6541,1,100000009650783.03
1021,Torsion,4.0,0.12,10.0,,14.283,128475219519.5972,0.1211,0.2764,1,100000012847526.52
1022,Torsion,5.0,0.12,10.0,,87.5458,86104927877.6944,0.733,0.654,1,100000008610520.02
1023,Torsion,6.0,0.12,10.0,,9.1097,137571712445.6316,0.2352,0.3219,1,100000013757174.38
1024,Torsion,7.0,0.12,10.0,,15.6853,134041675071.4958,0.2096,0.0988,1,100000013404172.42
1025,Torsion,8.0,0.12,10.0,,167.2184,63507199212.7515,0.7715,0.8264,1,100000006350771.2
1026,Torsion,9.0,0.12,10.0,,17.2673,134101788740.7301,0.2432,0.2563,1,100000013410184.4
1027,Torsion,10.0,0.12,10.0,,39.6887,50944354057.9591,0.3931,0.1504,1,100000005094447.69
1028,Torsion,0,0.14,10.0,,7.5892,119997976374.727,0.0883,0.1233,1,100000011999800.06
1029,Torsion,1.0,0.14,10.0,,12.7089,135788711596.1079,0.1316,0.1426,1,100000013578875.17
1030,Torsion,2.0,0.14,10.0,,9.8452,116847360127.2316,0.1985,0.1978,1,100000011684739.25
1031,Torsion,3.0,0.14,10.0,,73.4939,101464249016.4853,3.1416,1.0607,1,100000010146449.89
1032,Torsion,4.0,0.14,10.0,,34.3174,45080801487.4357,0.5699,0.1721,1,100000004508090.97
1033,Torsion,5.0,0.14,10.0,,110.2501,81799032405.4131,3.1416,1.1368,1,100000008179939.31
1034,Torsion,6.0,0.14,10.0,,14.5257,134456771934.9576,0.1171,0.1537,1,100000013445681.73
1035,Torsion,7.0,0.14,10.0,,11.1363,128637426202.3641,0.161,0.1612,1,100000012863746.19
1036,Torsion,8.0,0.14,10.0,,71.8578,94383656116.9023,0.1418,0.176,1,100000009438387.39
1037,Torsion,9.0,0.14,10.0,,7.3045,135151283603.804,0.1419,0.1831,1,100000013515130.78
1038,Torsion,10.0,0.14,10.0,,33.4299,68682508691.886,0.7125,0.4856,1,100000006868261.73
